time,power_root,parent_1,parent_2,child_1,child_2,child_3,child_4
1,0,0,0,0,0,0,0
2,0,0,0,0,0,0,0
3,0,0,0,0,0,0,0
4,0,0,0,0,0,0,0
5,0,0,0,0,0,0,0
6,0,0,0,0,0,0,0
7,0,0,0,0,0,0,0
8,0,0,0,0,0,0,0
9,0,0,0,0,0,0,0
10,0,0,0,0,0,0,0
11,0,0,0,0,0,0,0
12,0,0,0,0,0,0,0
13,0,0,0,0,0,0,0
14,0,0,0,0,0,0,0
15,0,0,0,0,0,0,0
16,0,0,0,0,0,0,0
17,0,0,0,0,0,0,0
18,0,0,0,0,0,0,0
19,0,0,0,0,0,0,0
20,0,0,0,0,0,0,0
21,0,0,0,0,0,0,0
22,0,0,0,0,0,0,0
23,0,0,0,0,0,0,0
24,0,0,0,0,0,0,0
25,0,0,0,0,0,0,0
26,0,0,0,0,0,0,0
27,0,0,0,0,0,0,0
28,0,0,0,0,0,0,0
29,0,0,0,0,0,0,0
30,0,0,0,0,0,0,0
31,0,0,0,0,0,0,0
32,0,0,0,0,0,0,0
33,0,0,0,0,0,0,0
34,0,0,0,0,0,0,0
35,0,0,0,0,0,0,0
36,0,0,0,0,0,0,0
37,0,0,0,0,0,0,0
38,0,0,0,0,0,0,0
39,0,0,0,0,0,0,0
40,0,0,0,0,0,0,0
41,0,0,0,0,0,0,0
42,0,0,0,0,0,0,0
43,0,0,0,0,0,0,0
44,0,0,0,0,0,0,0
45,0,0,0,0,0,0,0
46,0,0,0,0,0,0,0
47,0,0,0,0,0,0,0
48,0,0,0,0,0,0,0
49,0,0,0,0,0,0,0
50,0,0,0,0,0,0,0
51,0,0,0,0,0,0,0
52,0,0,0,0,0,0,0
53,0,0,0,0,0,0,0
54,0,0,0,0,0,0,0
55,0,0,0,0,0,0,0
56,0,0,0,0,0,0,0
57,0,0,0,0,0,0,0
58,0,0,0,0,0,0,0
59,0,0,0,0,0,0,0
60,0,0,0,0,0,0,0
61,0,0,0,0,0,0,0
62,0,0,0,0,0,0,0
63,0,0,0,0,0,0,0
64,0,0,0,0,0,0,0
65,0,0,0,0,0,0,0
66,0,0,0,0,0,0,0
67,0,0,0,0,0,0,0
68,0,0,0,0,0,0,0
69,0,0,0,0,0,0,0
70,0,0,0,0,0,0,0
71,0,0,0,0,0,0,0
72,0,0,0,0,0,0,0
73,0,0,0,0,0,0,0
74,0,0,0,0,0,0,0
75,0,0,0,0,0,0,0
76,0,0,0,0,0,0,0
77,0,0,0,0,0,0,0
78,0,0,0,0,0,0,0
79,0,0,0,0,0,0,0
80,0,0,0,0,0,0,0
81,0,0,0,0,0,0,0
82,0,0,0,0,0,0,0
83,0,0,0,0,0,0,0
84,0,0,0,0,0,0,0
85,0,0,0,0,0,0,0
86,0,0,0,0,0,0,0
87,0,0,0,0,0,0,0
88,0,0,0,0,0,0,0
89,0,0,0,0,0,0,0
90,0,0,0,0,0,0,0
91,0,0,0,0,0,0,0
92,0,0,0,0,0,0,0
93,0,0,0,0,0,0,0
94,0,0,0,0,0,0,0
95,0,0,0,0,0,0,0
96,0,0,0,0,0,0,0
97,0,0,0,0,0,0,0
98,0,0,0,0,0,0,0
99,0,0,0,0,0,0,0
100,0,0,0,0,0,0,0
101,0,0,0,0,0,0,0
102,0,0,0,0,0,0,0
103,0,0,0,0,0,0,0
104,0,0,0,0,0,0,0
105,0,0,0,0,0,0,0
106,0,0,0,0,0,0,0
107,0,0,0,0,0,0,0
108,0,0,0,0,0,0,0
109,0,0,0,0,0,0,0
110,0,0,0,0,0,0,0
111,0,0,0,0,0,0,0
112,0,0,0,0,0,0,0
113,0,0,0,0,0,0,0
114,0,0,0,0,0,0,0
115,0,0,0,0,0,0,0
116,0,0,0,0,0,0,0
117,0,0,0,0,0,0,0
118,0,0,0,0,0,0,0
119,0,0,0,0,0,0,0
120,0,0,0,0,0,0,0
121,0,0,0,0,0,0,0
122,0,0,0,0,0,0,0
123,0,0,0,0,0,0,0
124,0,0,0,0,0,0,0
125,0,0,0,0,0,0,0
126,0,0,0,0,0,0,0
127,0,0,0,0,0,0,0
128,0,0,0,0,0,0,0
129,0,0,0,0,0,0,0
130,0,0,0,0,0,0,0
131,0,0,0,0,0,0,0
132,0,0,0,0,0,0,0
133,0,0,0,0,0,0,0
134,0,0,0,0,0,0,0
135,0,0,0,0,0,0,0
136,0,0,0,0,0,0,0
137,0,0,0,0,0,0,0
138,0,0,0,0,0,0,0
139,0,0,0,0,0,0,0
140,0,0,0,0,0,0,0
141,0,0,0,0,0,0,0
142,0,0,0,0,0,0,0
143,0,0,0,0,0,0,0
144,0,0,0,0,0,0,0
145,0,0,0,0,0,0,0
146,0,0,0,0,0,0,0
147,0,0,0,0,0,0,0
148,0,0,0,0,0,0,0
149,0,0,0,0,0,0,0
150,0,0,0,0,0,0,0
151,0,0,0,0,0,0,0
152,0,0,0,0,0,0,0
153,0,0,0,0,0,0,0
154,0,0,0,0,0,0,0
155,0,0,0,0,0,0,0
156,0,0,0,0,0,0,0
157,0,0,0,0,0,0,0
158,0,0,0,0,0,0,0
159,0,0,0,0,0,0,0
160,0,0,0,0,0,0,0
161,0,0,0,0,0,0,0
162,0,0,0,0,0,0,0
163,0,0,0,0,0,0,0
164,0,0,0,0,0,0,0
165,0,0,0,0,0,0,0
166,0,0,0,0,0,0,0
167,0,0,0,0,0,0,0
168,0,0,0,0,0,0,0
169,0,0,0,0,0,0,0
170,0,0,0,0,0,0,0
171,0,0,0,0,0,0,0
172,0,0,0,0,0,0,0
173,0,0,0,0,0,0,0
174,0,0,0,0,0,0,0
175,0,0,0,0,0,0,0
176,0,0,0,0,0,0,0
177,0,0,0,0,0,0,0
178,0,0,0,0,0,0,0
179,0,0,0,0,0,0,0
180,0,0,0,0,0,0,0
181,0,0,0,0,0,0,0
182,0,0,0,0,0,0,0
183,0,0,0,0,0,0,0
184,0,0,0,0,0,0,0
185,0,0,0,0,0,0,0
186,0,0,0,0,0,0,0
187,0,0,0,0,0,0,0
188,0,0,0,0,0,0,0
189,0,0,0,0,0,0,0
190,0,0,0,0,0,0,0
191,0,0,0,0,0,0,0
192,0,0,0,0,0,0,0
193,0,0,0,0,0,0,0
194,0,0,0,0,0,0,0
195,0,0,0,0,0,0,0
196,0,0,0,0,0,0,0
197,0,0,0,0,0,0,0
198,0,0,0,0,0,0,0
199,0,0,0,0,0,0,0
200,0,0,0,0,0,0,0
201,0,0,0,0,0,0,0
202,0,0,0,0,0,0,0
203,0,0,0,0,0,0,0
204,0,0,0,0,0,0,0
205,0,0,0,0,0,0,0
206,0,0,0,0,0,0,0
207,0,0,0,0,0,0,0
208,0,0,0,0,0,0,0
209,0,0,0,0,0,0,0
210,0,0,0,0,0,0,0
211,0,0,0,0,0,0,0
212,0,0,0,0,0,0,0
213,0,0,0,0,0,0,0
214,0,0,0,0,0,0,0
215,0,0,0,0,0,0,0
216,0,0,0,0,0,0,0
217,0,0,0,0,0,0,0
218,0,0,0,0,0,0,0
219,0,0,0,0,0,0,0
220,0,0,0,0,0,0,0
221,0,0,0,0,0,0,0
222,0,0,0,0,0,0,0
223,0,0,0,0,0,0,0
224,0,0,0,0,0,0,0
225,0,0,0,0,0,0,0
226,0,0,0,0,0,0,0
227,0,0,0,0,0,0,0
228,0,0,0,0,0,0,0
229,0,0,0,0,0,0,0
230,0,0,0,0,0,0,0
231,0,0,0,0,0,0,0
232,0,0,0,0,0,0,0
233,0,0,0,0,0,0,0
234,0,0,0,0,0,0,0
235,0,0,0,0,0,0,0
236,0,0,0,0,0,0,0
237,0,0,0,0,0,0,0
238,0,0,0,0,0,0,0
239,0,0,0,0,0,0,0
240,0,0,0,0,0,0,0
241,0,0,0,0,0,0,0
242,0,0,0,0,0,0,0
243,0,0,0,0,0,0,0
244,0,0,0,0,0,0,0
245,0,0,0,0,0,0,0
246,0,0,0,0,0,0,0
247,0,0,0,0,0,0,0
248,0,0,0,0,0,0,0
249,0,0,0,0,0,0,0
250,0,0,0,0,0,0,0
251,0,0,0,0,0,0,0
252,0,0,0,0,0,0,0
253,0,0,0,0,0,0,0
254,0,0,0,0,0,0,0
255,0,0,0,0,0,0,0
256,0,0,0,0,0,0,0
257,0,0,0,0,0,0,0
258,0,0,0,0,0,0,0
259,0,0,0,0,0,0,0
260,0,0,0,0,0,0,0
261,0,0,0,0,0,0,0
262,0,0,0,0,0,0,0
263,0,0,0,0,0,0,0
264,0,0,0,0,0,0,0
265,0,0,0,0,0,0,0
266,0,0,0,0,0,0,0
267,0,0,0,0,0,0,0
268,0,0,0,0,0,0,0
269,0,0,0,0,0,0,0
270,0,0,0,0,0,0,0
271,0,0,0,0,0,0,0
272,0,0,0,0,0,0,0
273,0,0,0,0,0,0,0
274,0,0,0,0,0,0,0
275,0,0,0,0,0,0,0
276,0,0,0,0,0,0,0
277,0,0,0,0,0,0,0
278,0,0,0,0,0,0,0
279,0,0,0,0,0,0,0
280,0,0,0,0,0,0,0
281,0,0,0,0,0,0,0
282,0,0,0,0,0,0,0
283,0,0,0,0,0,0,0
284,0,0,0,0,0,0,0
285,0,0,0,0,0,0,0
286,0,0,0,0,0,0,0
287,0,0,0,0,0,0,0
288,0,0,0,0,0,0,0
289,0,0,0,0,0,0,0
290,0,0,0,0,0,0,0
291,0,0,0,0,0,0,0
292,0,0,0,0,0,0,0
293,0,0,0,0,0,0,0
294,0,0,0,0,0,0,0
295,0,0,0,0,0,0,0
296,0,0,0,0,0,0,0
297,0,0,0,0,0,0,0
298,0,0,0,0,0,0,0
299,0,0,0,0,0,0,0
300,0,0,0,0,0,0,0
301,0,0,0,0,0,0,0
302,0,0,0,0,0,0,0
303,0,0,0,0,0,0,0
304,0,0,0,0,0,0,0
305,0,0,0,0,0,0,0
306,0,0,0,0,0,0,0
307,0,0,0,0,0,0,0
308,0,0,0,0,0,0,0
309,0,0,0,0,0,0,0
310,0,0,0,0,0,0,0
311,0,0,0,0,0,0,0
312,0,0,0,0,0,0,0
313,0,0,0,0,0,0,0
314,0,0,0,0,0,0,0
315,0,0,0,0,0,0,0
316,0,0,0,0,0,0,0
317,0,0,0,0,0,0,0
318,0,0,0,0,0,0,0
319,0,0,0,0,0,0,0
320,0,0,0,0,0,0,0
321,0,0,0,0,0,0,0
322,0,0,0,0,0,0,0
323,0,0,0,0,0,0,0
324,0,0,0,0,0,0,0
325,0,0,0,0,0,0,0
326,0,0,0,0,0,0,0
327,0,0,0,0,0,0,0
328,0,0,0,0,0,0,0
329,0,0,0,0,0,0,0
330,0,0,0,0,0,0,0
331,0,0,0,0,0,0,0
332,0,0,0,0,0,0,0
333,0,0,0,0,0,0,0
334,0,0,0,0,0,0,0
335,0,0,0,0,0,0,0
336,0,0,0,0,0,0,0
337,0,0,0,0,0,0,0
338,0,0,0,0,0,0,0
339,0,0,0,0,0,0,0
340,0,0,0,0,0,0,0
341,0,0,0,0,0,0,0
342,0,0,0,0,0,0,0
343,0,0,0,0,0,0,0
344,0,0,0,0,0,0,0
345,0,0,0,0,0,0,0
346,0,0,0,0,0,0,0
347,0,0,0,0,0,0,0
348,0,0,0,0,0,0,0
349,0,0,0,0,0,0,0
350,0,0,0,0,0,0,0
351,0,0,0,0,0,0,0
352,0,0,0,0,0,0,0
353,0,0,0,0,0,0,0
354,0,0,0,0,0,0,0
355,0,0,0,0,0,0,0
356,0,0,0,0,0,0,0
357,0,0,0,0,0,0,0
358,0,0,0,0,0,0,0
359,0,0,0,0,0,0,0
360,0,0,0,0,0,0,0
361,0,0,0,0,0,0,0
362,0,0,0,0,0,0,0
363,0,0,0,0,0,0,0
364,0,0,0,0,0,0,0
365,0,0,0,0,0,0,0
366,0,0,0,0,0,0,0
367,0,0,0,0,0,0,0
368,0,0,0,0,0,0,0
369,0,0,0,0,0,0,0
370,0,0,0,0,0,0,0
371,0,0,0,0,0,0,0
372,0,0,0,0,0,0,0
373,0,0,0,0,0,0,0
374,0,0,0,0,0,0,0
375,0,0,0,0,0,0,0
376,0,0,0,0,0,0,0
377,0,0,0,0,0,0,0
378,0,0,0,0,0,0,0
379,0,0,0,0,0,0,0
380,0,0,0,0,0,0,0
381,0,0,0,0,0,0,0
382,0,0,0,0,0,0,0
383,0,0,0,0,0,0,0
384,0,0,0,0,0,0,0
385,0,0,0,0,0,0,0
386,0,0,0,0,0,0,0
387,0,0,0,0,0,0,0
388,0,0,0,0,0,0,0
389,0,0,0,0,0,0,0
390,0,0,0,0,0,0,0
391,0,0,0,0,0,0,0
392,0,0,0,0,0,0,0
393,0,0,0,0,0,0,0
394,0,0,0,0,0,0,0
395,0,0,0,0,0,0,0
396,0,0,0,0,0,0,0
397,0,0,0,0,0,0,0
398,0,0,0,0,0,0,0
399,0,0,0,0,0,0,0
400,0,0,0,0,0,0,0
401,0,0,0,0,0,0,0
402,0,0,0,0,0,0,0
403,0,0,0,0,0,0,0
404,0,0,0,0,0,0,0
405,0,0,0,0,0,0,0
406,0,0,0,0,0,0,0
407,0,0,0,0,0,0,0
408,0,0,0,0,0,0,0
409,0,0,0,0,0,0,0
410,0,0,0,0,0,0,0
411,0,0,0,0,0,0,0
412,0,0,0,0,0,0,0
413,0,0,0,0,0,0,0
414,0,0,0,0,0,0,0
415,0,0,0,0,0,0,0
416,0,0,0,0,0,0,0
417,0,0,0,0,0,0,0
418,0,0,0,0,0,0,0
419,0,0,0,0,0,0,0
420,0,0,0,0,0,0,0
421,0,0,0,0,0,0,0
422,0,0,0,0,0,0,0
423,0,0,0,0,0,0,0
424,0,0,0,0,0,0,0
425,0,0,0,0,0,0,0
426,0,0,0,0,0,0,0
427,0,0,0,0,0,0,0
428,0,0,0,0,0,0,0
429,0,0,0,0,0,0,0
430,0,0,0,0,0,0,0
431,0,0,0,0,0,0,0
432,0,0,0,0,0,0,0
433,0,0,0,0,0,0,0
434,0,0,0,0,0,0,0
435,0,0,0,0,0,0,0
436,0,0,0,0,0,0,0
437,0,0,0,0,0,0,0
438,0,0,0,0,0,0,0
439,0,0,0,0,0,0,0
440,0,0,0,0,0,0,0
441,0,0,0,0,0,0,0
442,0,0,0,0,0,0,0
443,0,0,0,0,0,0,0
444,0,0,0,0,0,0,0
445,0,0,0,0,0,0,0
446,0,0,0,0,0,0,0
447,0,0,0,0,0,0,0
448,0,0,0,0,0,0,0
449,0,0,0,0,0,0,0
450,0,0,0,0,0,0,0
451,0,0,0,0,0,0,0
452,0,0,0,0,0,0,0
453,0,0,0,0,0,0,0
454,0,0,0,0,0,0,0
455,0,0,0,0,0,0,0
456,0,0,0,0,0,0,0
457,0,0,0,0,0,0,0
458,0,0,0,0,0,0,0
459,0,0,0,0,0,0,0
460,0,0,0,0,0,0,0
461,0,0,0,0,0,0,0
462,0,0,0,0,0,0,0
463,0,0,0,0,0,0,0
464,0,0,0,0,0,0,0
465,0,0,0,0,0,0,0
466,0,0,0,0,0,0,0
467,0,0,0,0,0,0,0
468,0,0,0,0,0,0,0
469,0,0,0,0,0,0,0
470,0,0,0,0,0,0,0
471,0,0,0,0,0,0,0
472,0,0,0,0,0,0,0
473,0,0,0,0,0,0,0
474,0,0,0,0,0,0,0
475,0,0,0,0,0,0,0
476,0,0,0,0,0,0,0
477,0,0,0,0,0,0,0
478,0,0,0,0,0,0,0
479,0,0,0,0,0,0,0
480,0,0,0,0,0,0,0
481,0,0,0,0,0,0,0
482,0,0,0,0,0,0,0
483,0,0,0,0,0,0,0
484,0,0,0,0,0,0,0
485,0,0,0,0,0,0,0
486,0,0,0,0,0,0,0
487,0,0,0,0,0,0,0
488,0,0,0,0,0,0,0
489,0,0,0,0,0,0,0
490,0,0,0,0,0,0,0
491,0,0,0,0,0,0,0
492,0,0,0,0,0,0,0
493,0,0,0,0,0,0,0
494,0,0,0,0,0,0,0
495,0,0,0,0,0,0,0
496,0,0,0,0,0,0,0
497,0,0,0,0,0,0,0
498,0,0,0,0,0,0,0
499,0,0,0,0,0,0,0
500,0,0,0,0,0,0,0
501,0,0,0,0,0,0,0
502,0,0,0,0,0,0,0
503,0,0,0,0,0,0,0
504,0,0,0,0,0,0,0
505,0,0,0,0,0,0,0
506,0,0,0,0,0,0,0
507,0,0,0,0,0,0,0
508,0,0,0,0,0,0,0
509,0,0,0,0,0,0,0
510,0,0,0,0,0,0,0
511,0,0,0,0,0,0,0
512,0,0,0,0,0,0,0
513,0,0,0,0,0,0,0
514,0,0,0,0,0,0,0
515,0,0,0,0,0,0,0
516,0,0,0,0,0,0,0
517,0,0,0,0,0,0,0
518,0,0,0,0,0,0,0
519,0,0,0,0,0,0,0
520,0,0,0,0,0,0,0
521,0,0,0,0,0,0,0
522,0,0,0,0,0,0,0
523,0,0,0,0,0,0,0
524,0,0,0,0,0,0,0
525,0,0,0,0,0,0,0
526,0,0,0,0,0,0,0
527,0,0,0,0,0,0,0
528,0,0,0,0,0,0,0
529,0,0,0,0,0,0,0
530,0,0,0,0,0,0,0
531,0,0,0,0,0,0,0
532,0,0,0,0,0,0,0
533,0,0,0,0,0,0,0
534,0,0,0,0,0,0,0
535,0,0,0,0,0,0,0
536,0,0,0,0,0,0,0
537,0,0,0,0,0,0,0
538,0,0,0,0,0,0,0
539,0,0,0,0,0,0,0
540,0,0,0,0,0,0,0
541,0,0,0,0,0,0,0
542,0,0,0,0,0,0,0
543,0,0,0,0,0,0,0
544,0,0,0,0,0,0,0
545,0,0,0,0,0,0,0
546,0,0,0,0,0,0,0
547,0,0,0,0,0,0,0
548,0,0,0,0,0,0,0
549,0,0,0,0,0,0,0
550,0,0,0,0,0,0,0
551,0,0,0,0,0,0,0
552,0,0,0,0,0,0,0
553,0,0,0,0,0,0,0
554,0,0,0,0,0,0,0
555,0,0,0,0,0,0,0
556,0,0,0,0,0,0,0
557,0,0,0,0,0,0,0
558,0,0,0,0,0,0,0
559,0,0,0,0,0,0,0
560,0,0,0,0,0,0,0
561,0,0,0,0,0,0,0
562,0,0,0,0,0,0,0
563,0,0,0,0,0,0,0
564,0,0,0,0,0,0,0
565,0,0,0,0,0,0,0
566,0,0,0,0,0,0,0
567,0,0,0,0,0,0,0
568,0,0,0,0,0,0,0
569,0,0,0,0,0,0,0
570,0,0,0,0,0,0,0
571,0,0,0,0,0,0,0
572,0,0,0,0,0,0,0
573,0,0,0,0,0,0,0
574,0,0,0,0,0,0,0
575,0,0,0,0,0,0,0
576,0,0,0,0,0,0,0
577,0,0,0,0,0,0,0
578,0,0,0,0,0,0,0
579,0,0,0,0,0,0,0
580,0,0,0,0,0,0,0
581,0,0,0,0,0,0,0
582,0,0,0,0,0,0,0
583,0,0,0,0,0,0,0
584,0,0,0,0,0,0,0
585,0,0,0,0,0,0,0
586,0,0,0,0,0,0,0
587,0,0,0,0,0,0,0
588,0,0,0,0,0,0,0
589,0,0,0,0,0,0,0
590,0,0,0,0,0,0,0
591,0,0,0,0,0,0,0
592,0,0,0,0,0,0,0
593,0,0,0,0,0,0,0
594,0,0,0,0,0,0,0
595,0,0,0,0,0,0,0
596,0,0,0,0,0,0,0
597,0,0,0,0,0,0,0
598,0,0,0,0,0,0,0
599,0,0,0,0,0,0,0
600,0,0,0,0,0,0,0
601,0,0,0,0,0,0,0
602,0,0,0,0,0,0,0
603,0.0290033502,0,0,0,0,0,0
604,0.02816112585,0,0,0,0,0,0
605,0.0272593959,0,0,0,0,0,0
606,0.029038185,0,0,0,0,0,0
607,0.029005823549999993,0,0,0,0,0,0
608,0.02788683975,0,0,0,0,0,0
609,0.02707484175,0,0,0,0,0,0
610,0.02646988905,0,0,0,0,0,0
611,0.0268002999,0,0,0,0,0,0
612,0.0268038804,0,0,0,0,0,0
613,0.0248392188,0,0,0,0,0,0
614,0.0273080775,0,0,0,0,0,0
615,0.0246114231,0,0,0,0,0,0
616,0.0283927314,0,0,0,0,0,0
617,0.0287641794,0,0,0,0,0,0
618,0.0276908577,0,0,0,0,0,0
619,0.0259231005,0,0,0,0,0,0
620,0.0290074686,0,0,0,0,0,0
621,0.0281777793,0,0,0,0,0,0
622,0.0290036934,0,0,0,0,0,0
623,0.0290079603,0,0,0,0,0,0
624,0.02596655325,0,0,0,0,0,0
625,0.025573812,0,0,0,0,0,0
626,0.026153787,0,0,0,0,0,0
627,0.0290069142,0,0,0,0,0,0
628,0.026773946099999994,0,0,0,0,0,0
629,0.027257142,0,0,0,0,0,0
630,0.0259955289,0,0,0,0,0,0
631,0.0273080049,0,0,0,0,0,0
632,0.0290117619,0,0,0,0,0,0
633,0.0265770516,0,0,0,0,0,0
634,0.0276814791,0,0,0,0,0,0
635,0.0259788672,0,0,0,0,0,0
636,0.029009607,0,0,0,0,0,0
637,0.02745472455,0,0,0,0,0,0
638,0.0290031258,0,0,0,0,0,0
639,0.025838868,0,0,0,0,0,0
640,0.0266779491,0,0,0,0,0,0
641,0.02670423525,0,0,0,0,0,0
642,0.026885367299999994,0,0,0,0,0,0
643,0.0270331083,0,0,0,0,0,0
644,0.02477334585,0,0,0,0,0,0
645,0.0290047263,0,0,0,0,0,0
646,0.0268945017,0,0,0,0,0,0
647,0.02673360855,0,0,0,0,0,0
648,0.02766849525,0,0,0,0,0,0
649,0.02594112015,0,0,0,0,0,0
650,0.0257123691,0,0,0,0,0,0
651,0.02900902125,0,0,0,0,0,0
652,0.0290079834,0,0,0,0,0,0
653,0.0274569702,0,0,0,0,0,0
654,0.0264326139,0,0,0,0,0,0
655,0.0255778446,0,0,0,0,0,0
656,0.0268952343,0,0,0,0,0,0
657,0.0274926894,0,0,0,0,0,0
658,0.0259213746,0,0,0,0,0,0
659,0.0249577581,0,0,0,0,0,0
660,0.0278167758,0,0,0,0,0,0
661,0.0269704875,0,0,0,0,0,0
662,0.0267990789,0,0,0,0,0,0
663,0.0269419821,0,0,0,0,0,0
664,0.0252737529,0,0,0,0,0,0
665,0.0290096202,0,0,0,0,0,0
666,0.0244981539,0,0,0,0,0,0
667,0.026079108,0,0,0,0,0,0
668,0.0264837738,0,0,0,0,0,0
669,0.029007462,0,0,0,0,0,0
670,0.0290078778,0,0,0,0,0,0
671,0.0283904379,0,0,0,0,0,0
672,0.0271327518,0,0,0,0,0,0
673,0.0273601944,0,0,0,0,0,0
674,0.0275169543,0,0,0,0,0,0
675,0.0283980906,0,0,0,0,0,0
676,0.0290041488,0,0,0,0,0,0
677,0.0244587915,0,0,0,0,0,0
678,0.02689872075,0,0,0,0,0,0
679,0.0290063697,0,0,0,0,0,0
680,0.0252720501,0,0,0,0,0,0
681,0.0273888549,0,0,0,0,0,0
682,0.0265572153,0,0,0,0,0,0
683,0.0263153088,0,0,0,0,0,0
684,0.0274701537,0,0,0,0,0,0
685,0.0278809344,0,0,0,0,0,0
686,0.0290079636,0,0,0,0,0,0
687,0.0271325043,0,0,0,0,0,0
688,0.0256757622,0,0,0,0,0,0
689,0.0290096004,0,0,0,0,0,0
690,0.0254187483,0,0,0,0,0,0
691,0.0264164175,0,0,0,0,0,0
692,0.02900088675,0,0,0,0,0,0
693,0.02699105145,0,0,0,0,0,0
694,0.0290074851,0,0,0,0,0,0
695,0.02677590795,0,0,0,0,0,0
696,0.027415248299999993,0,0,0,0,0,0
697,0.0265977723,0,0,0,0,0,0
698,0.0272005635,0,0,0,0,0,0
699,0.0257203881,0,0,0,0,0,0
700,0.02522956095,0,0,0,0,0,0
701,0.0259954431,0,0,0,0,0,0
702,0.027478077,0,0,0,0,0,0
703,0.0276901647,0,0,0,0,0,0
704,0.0265235256,0,0,0,0,0,0
705,0.0264776292,0,0,0,0,0,0
706,0.0273522018,0,0,0,0,0,0
707,0.0289993539,0,0,0,0,0,0
708,0.0271541919,0,0,0,0,0,0
709,0.0273252903,0,0,0,0,0,0
710,0.0281897286,0,0,0,0,0,0
711,0.0279692853,0,0,0,0,0,0
712,0.0283433667,0,0,0,0,0,0
713,0.0275157762,0,0,0,0,0,0
714,0.02666570775,0,0,0,0,0,0
715,0.0275197857,0,0,0,0,0,0
716,0.0271174167,0,0,0,0,0,0
717,0.0283373574,0,0,0,0,0,0
718,0.02496005325,0,0,0,0,0,0
719,0.0271343094,0,0,0,0,0,0
720,0.0290074389,0,0,0,0,0,0
721,0.026528931,0,0,0,0,0,0
722,0.0284864118,0,0,0,0,0,0
723,0.026688222,0,0,0,0,0,0
724,0.0275816013,0,0,0,0,0,0
725,0.02901045675,0,0,0,0,0,0
726,0.02900475765,0,0,0,0,0,0
727,0.02835678285,0,0,0,0,0,0
728,0.02660608995,0,0,0,0,0,0
729,0.0243834591,0,0,0,0,0,0
730,0.02859744195,0,0,0,0,0,0
731,0.02658142905,0,0,0,0,0,0
732,0.02642476155,0,0,0,0,0,0
733,0.0289993572,0,0,0,0,0,0
734,0.02900584005,0,0,0,0,0,0
735,0.0272340387,0,0,0,0,0,0
736,0.02583192975,0,0,0,0,0,0
737,0.0276095688,0,0,0,0,0,0
738,0.0279556299,0,0,0,0,0,0
739,0.0285497619,0,0,0,0,0,0
740,0.0277038432,0,0,0,0,0,0
741,0.0273953493,0,0,0,0,0,0
742,0.0290381817,0,0,0,0,0,0
743,0.02597187945,0,0,0,0,0,0
744,0.024429009,0,0,0,0,0,0
745,0.029006934,0,0,0,0,0,0
746,0.0285668229,0,0,0,0,0,0
747,0.0274751136,0,0,0,0,0,0
748,0.02668751415,0,0,0,0,0,0
749,0.02505763095,0,0,0,0,0,0
750,0.02717157465,0,0,0,0,0,0
751,0.029004789,0,0,0,0,0,0
752,0.0274582704,0,0,0,0,0,0
753,0.0259932783,0,0,0,0,0,0
754,0.029008518,0,0,0,0,0,0
755,0.0252218736,0,0,0,0,0,0
756,0.0280241709,0,0,0,0,0,0
757,0.0275444268,0,0,0,0,0,0
758,0.0290095641,0,0,0,0,0,0
759,0.02598851145,0,0,0,0,0,0
760,0.0249439146,0,0,0,0,0,0
761,0.0290085543,0,0,0,0,0,0
762,0.0253759968,0,0,0,0,0,0
763,0.0268520274,0,0,0,0,0,0
764,0.0270628347,0,0,0,0,0,0
765,0.0266881923,0,0,0,0,0,0
766,0.02660244675,0,0,0,0,0,0
767,0.02650500105,0,0,0,0,0,0
768,0.02598598035,0,0,0,0,0,0
769,0.0260856651,0,0,0,0,0,0
770,0.0290025747,0,0,0,0,0,0
771,0.0274409883,0,0,0,0,0,0
772,0.02900908065,0,0,0,0,0,0
773,0.027427438499999995,0,0,0,0,0,0
774,0.02529443565,0,0,0,0,0,0
775,0.0279723411,0,0,0,0,0,0
776,0.0286756998,0,0,0,0,0,0
777,0.0247752417,0,0,0,0,0,0
778,0.0290074455,0,0,0,0,0,0
779,0.02685189375,0,0,0,0,0,0
780,0.0254903055,0,0,0,0,0,0
781,0.0290024625,0,0,0,0,0,0
782,0.02542388475,0,0,0,0,0,0
783,0.0279885408,0,0,0,0,0,0
784,0.0288547314,0,0,0,0,0,0
785,0.0290085213,0,0,0,0,0,0
786,0.0274613163,0,0,0,0,0,0
787,0.029010696,0,0,0,0,0,0
788,0.0274919535,0,0,0,0,0,0
789,0.02900725575,0,0,0,0,0,0
790,0.02671843185,0,0,0,0,0,0
791,0.02872407615,0,0,0,0,0,0
792,0.0272157732,0,0,0,0,0,0
793,0.0266028609,0,0,0,0,0,0
794,0.02794753665,0,0,0,0,0,0
795,0.02663856855,0,0,0,0,0,0
796,0.02596520025,0,0,0,0,0,0
797,0.0270232017,0,0,0,0,0,0
798,0.0290058615,0,0,0,0,0,0
799,0.0260820483,0,0,0,0,0,0
800,0.0281706744,0,0,0,0,0,0
801,0.02662236555,0,0,0,0,0,0
802,0.02845530105,0,0,0,0,0,0
803,0.026738415,0,0,0,0,0,0
804,0.0290042148,0,0,0,0,0,0
805,0.0240040977,0,0,0,0,0,0
806,0.0290091087,0,0,0,0,0,0
807,0.0256329249,0,0,0,0,0,0
808,0.0278994474,0,0,0,0,0,0
809,0.0251295495,0,0,0,0,0,0
810,0.0269682204,0,0,0,0,0,0
811,0.029004723,0,0,0,0,0,0
812,0.0259839426,0,0,0,0,0,0
813,0.0249860028,0,0,0,0,0,0
814,0.026694059699999995,0,0,0,0,0,0
815,0.0250327242,0,0,0,0,0,0
816,0.0264408573,0,0,0,0,0,0
817,0.028391177099999994,0,0,0,0,0,0
818,0.0289806231,0,0,0,0,0,0
819,0.0252094491,0,0,0,0,0,0
820,0.02574198,0,0,0,0,0,0
821,0.0271776945,0,0,0,0,0,0
822,0.0272772588,0,0,0,0,0,0
823,0.02599684725,0,0,0,0,0,0
824,0.0269516115,0,0,0,0,0,0
825,0.0275403414,0,0,0,0,0,0
826,0.0242913561,0,0,0,0,0,0
827,0.0277590027,0,0,0,0,0,0
828,0.027389373,0,0,0,0,0,0
829,0.0249921705,0,0,0,0,0,0
830,0.026407359,0,0,0,0,0,0
831,0.0270092394,0,0,0,0,0,0
832,0.0279812643,0,0,0,0,0,0
833,0.0290368617,0,0,0,0,0,0
834,0.029010531,0,0,0,0,0,0
835,0.0252069873,0,0,0,0,0,0
836,0.0269645904,0,0,0,0,0,0
837,0.0252076077,0,0,0,0,0,0
838,0.0264931062,0,0,0,0,0,0
839,0.0265212255,0,0,0,0,0,0
840,0.0290079801,0,0,0,0,0,0
841,0.0265594758,0,0,0,0,0,0
842,0.0256210284,0,0,0,0,0,0
843,0.0290078844,0,0,0,0,0,0
844,0.0284894874,0,0,0,0,0,0
845,0.02900736795,0,0,0,0,0,0
846,0.024144054,0,0,0,0,0,0
847,0.0266251953,0,0,0,0,0,0
848,0.02647492485,0,0,0,0,0,0
849,0.0275797269,0,0,0,0,0,0
850,0.026741319,0,0,0,0,0,0
851,0.0267702138,0,0,0,0,0,0
852,0.0266900535,0,0,0,0,0,0
853,0.0251103996,0,0,0,0,0,0
854,0.0280059648,0,0,0,0,0,0
855,0.02432628825,0,0,0,0,0,0
856,0.02900421645,0,0,0,0,0,0
857,0.0268750218,0,0,0,0,0,0
858,0.02522870295,0,0,0,0,0,0
859,0.02774547765,0,0,0,0,0,0
860,0.02650035795,0,0,0,0,0,0
861,0.02686540395,0,0,0,0,0,0
862,0.0266138763,0,0,0,0,0,0
863,0.0274795389,0,0,0,0,0,0
864,0.0275047806,0,0,0,0,0,0
865,0.02749572705,0,0,0,0,0,0
866,0.02693827785,0,0,0,0,0,0
867,0.02698896255,0,0,0,0,0,0
868,0.02554215345,0,0,0,0,0,0
869,0.02900835135,0,0,0,0,0,0
870,0.0265069365,0,0,0,0,0,0
871,0.0276241317,0,0,0,0,0,0
872,0.0290090163,0,0,0,0,0,0
873,0.0268988148,0,0,0,0,0,0
874,0.0270918912,0,0,0,0,0,0
875,0.02645546145,0,0,0,0,0,0
876,0.02900797515,0,0,0,0,0,0
877,0.0258054225,0,0,0,0,0,0
878,0.02739652245,0,0,0,0,0,0
879,0.0272420511,0,0,0,0,0,0
880,0.0272007186,0,0,0,0,0,0
881,0.0275248875,0,0,0,0,0,0
882,0.0290068614,0,0,0,0,0,0
883,0.0292543185,0,0,0,0,0,0
884,0.0286093038,0,0,0,0,0,0
885,0.0267449556,0,0,0,0,0,0
886,0.02651565015,0,0,0,0,0,0
887,0.02840153745,0,0,0,0,0,0
888,0.0266569875,0,0,0,0,0,0
889,0.0290073861,0,0,0,0,0,0
890,0.02597493195,0,0,0,0,0,0
891,0.0278352657,0,0,0,0,0,0
892,0.0258797121,0,0,0,0,0,0
893,0.0281918505,0,0,0,0,0,0
894,0.0261568989,0,0,0,0,0,0
895,0.02753058,0,0,0,0,0,0
896,0.0272320719,0,0,0,0,0,0
897,0.02585376255,0,0,0,0,0,0
898,0.0290052906,0,0,0,0,0,0
899,0.0290083596,0,0,0,0,0,0
900,0.0286394889,0,0,0,0,0,0
901,0.0284432082,0,0,0,0,0,0
902,0.0266421672,0,0,0,0,0,0
903,0.0280525938,0,0,0,0,0,0
904,0.0280956984,0,0,0,0,0,0
905,0.027838404,0,0,0,0,0,0
906,0.0269010291,0,0,0,0,0,0
907,0.026689278,0,0,0,0,0,0
908,0.0290403366,0,0,0,0,0,0
909,0.026852505899999993,0,0,0,0,0,0
910,0.0266640891,0,0,0,0,0,0
911,0.02596548405,0,0,0,0,0,0
912,0.0274802715,0,0,0,0,0,0
913,0.02564118315,0,0,0,0,0,0
914,0.02900687295,0,0,0,0,0,0
915,0.029008452,0,0,0,0,0,0
916,0.02716951545,0,0,0,0,0,0
917,0.0266370588,0,0,0,0,0,0
918,0.02604811935,0,0,0,0,0,0
919,0.02661693045,0,0,0,0,0,0
920,0.0268793976,0,0,0,0,0,0
921,0.027198454799999994,0,0,0,0,0,0
922,0.0275343387,0,0,0,0,0,0
923,0.0262188597,0,0,0,0,0,0
924,0.0273995898,0,0,0,0,0,0
925,0.0270166281,0,0,0,0,0,0
926,0.029008881,0,0,0,0,0,0
927,0.02484058665,0,0,0,0,0,0
928,0.0290084652,0,0,0,0,0,0
929,0.0290084751,0,0,0,0,0,0
930,0.02608244265,0,0,0,0,0,0
931,0.02874706725,0,0,0,0,0,0
932,0.02715536175,0,0,0,0,0,0
933,0.02537158965,0,0,0,0,0,0
934,0.0264979539,0,0,0,0,0,0
935,0.0290014758,0,0,0,0,0,0
936,0.02597297505,0,0,0,0,0,0
937,0.02459938635,0,0,0,0,0,0
938,0.02644882845,0,0,0,0,0,0
939,0.02901118275,0,0,0,0,0,0
940,0.0290042016,0,0,0,0,0,0
941,0.0257056635,0,0,0,0,0,0
942,0.0268778301,0,0,0,0,0,0
943,0.0290057031,0,0,0,0,0,0
944,0.0259910673,0,0,0,0,0,0
945,0.0279408756,0,0,0,0,0,0
946,0.0250182702,0,0,0,0,0,0
947,0.0264727848,0,0,0,0,0,0
948,0.0285964437,0,0,0,0,0,0
949,0.0276396879,0,0,0,0,0,0
950,0.0268657818,0,0,0,0,0,0
951,0.029007396,0,0,0,0,0,0
952,0.0269258418,0,0,0,0,0,0
953,0.02708201265,0,0,0,0,0,0
954,0.02696884575,0,0,0,0,0,0
955,0.0289794879,0,0,0,0,0,0
956,0.0290116002,0,0,0,0,0,0
957,0.0267105003,0,0,0,0,0,0
958,0.0268989468,0,0,0,0,0,0
959,0.026975064599999994,0,0,0,0,0,0
960,0.0290111712,0,0,0,0,0,0
961,0.0260135403,0,0,0,0,0,0
962,0.0290058219,0,0,0,0,0,0
963,0.0271460508,0,0,0,0,0,0
964,0.02527092315,0,0,0,0,0,0
965,0.02833938195,0,0,0,0,0,0
966,0.02493631305,0,0,0,0,0,0
967,0.0290083629,0,0,0,0,0,0
968,0.029005284,0,0,0,0,0,0
969,0.0276715065,0,0,0,0,0,0
970,0.0290063598,0,0,0,0,0,0
971,0.0289473228,0,0,0,0,0,0
972,0.02866983405,0,0,0,0,0,0
973,0.0290063829,0,0,0,0,0,0
974,0.0290072541,0,0,0,0,0,0
975,0.0290079405,0,0,0,0,0,0
976,0.0285115215,0,0,0,0,0,0
977,0.02597303775,0,0,0,0,0,0
978,0.0277502412,0,0,0,0,0,0
979,0.0267760251,0,0,0,0,0,0
980,0.0290058252,0,0,0,0,0,0
981,0.0273397443,0,0,0,0,0,0
982,0.0260918163,0,0,0,0,0,0
983,0.0290240907,0,0,0,0,0,0
984,0.02512466385,0,0,0,0,0,0
985,0.02878023555,0,0,0,0,0,0
986,0.0277960023,0,0,0,0,0,0
987,0.02835361485,0,0,0,0,0,0
988,0.0274463673,0,0,0,0,0,0
989,0.02901116955,0,0,0,0,0,0
990,0.02897173125,0,0,0,0,0,0
991,0.02686560525,0,0,0,0,0,0
992,0.0290573052,0,0,0,0,0,0
993,0.0290074356,0,0,0,0,0,0
994,0.0250598469,0,0,0,0,0,0
995,0.02650152945,0,0,0,0,0,0
996,0.0272434767,0,0,0,0,0,0
997,0.0265512621,0,0,0,0,0,0
998,0.0265717287,0,0,0,0,0,0
999,0.0289193553,0,0,0,0,0,0
1000,0.0290095443,0,0,0,0,0,0
1001,0.0290094321,0,0,0,0,0,0
1002,0.14846806095,0,0,0,0,0,0
1003,0.028994618399999995,0,0,0,0,0,0
1004,0.0290154777,0,0,0,0,0,0
1005,0.029009013,0,0,0,0,0,0
1006,0.02905508595,0,0,0,0,0,0
1007,0.029009013,0,0,0,0,0,0
1008,0.02550307815,0,0,0,0,0,0
1009,0.02595418155,0,0,0,0,0,0
1010,0.14768032785,0,0,0,0,0,0
1011,0.14833615995,0,0,0,0,0,0
1012,0.02900629545,0,0,0,0,0,0
1013,0.02721663285,0,0,0,0,0,0
1014,0.0290149332,0,0,0,0,0,0
1015,0.0290149299,0,0,0,0,0,0
1016,0.0290160156,0,0,0,0,0,0
1017,0.0290149563,0,0,0,0,0,0
1018,0.1484739333,0,0,0,0,0,0
1019,0.0277974246,0,0,0,0,0,0
1020,0.0290100558,0,0,0,0,0,0
1021,0.0278947515,0,0,0,0,0,0
1022,0.1460241453,0,0,0,0,0,0
1023,0.02901490515,0,0,0,0,0,0
1024,0.02901544305,0,0,0,0,0,0
1025,0.0290063202,0,0,0,0,0,0
1026,0.0290089965,0,0,0,0,0,0
1027,0.0290100921,0,0,0,0,0,0
1028,0.0290095278,0,0,0,0,0,0
1029,0.14777680335,0,0,0,0,0,0
1030,0.0290144019,0,0,0,0,0,0
1031,0.02439926115,0,0,0,0,0,0
1032,0.0290073828,0,0,0,0,0,0
1033,0.029014953,0,0,0,0,0,0
1034,0.14827006095,0,0,0,0,0,0
1035,0.0275906169,0,0,0,0,0,0
1036,0.027549687,0,0,0,0,0,0
1037,0.02901492,0,0,0,0,0,0
1038,0.0290154513,0,0,0,0,0,0
1039,0.0290051949,0,0,0,0,0,0
1040,0.027429798,0,0,0,0,0,0
1041,0.0290630175,0,0,0,0,0,0
1042,0.02528086605,0,0,0,0,0,0
1043,0.1485155034,0,0,0,0,0,0
1044,0.02901490185,0,0,0,0,0,0
1045,0.0290095245,0,0,0,0,0,0
1046,0.0290095542,0,0,0,0,0,0
1047,0.0290160255,0,0,0,0,0,0
1048,0.0286791714,0,0,0,0,0,0
1049,0.0290095542,0,0,0,0,0,0
1050,0.0290149464,0,0,0,0,0,0
1051,0.14602459905,0,0,0,0,0,0
1052,0.0290095674,0,0,0,0,0,0
1053,0.0290100261,0,0,0,0,0,0
1054,0.0277137927,0,0,0,0,0,0
1055,0.0290156163,0,0,0,0,0,0
1056,0.0274990353,0,0,0,0,0,0
1057,0.02668208895,0,0,0,0,0,0
1058,0.0274284219,0,0,0,0,0,0
1059,0.0284172669,0,0,0,0,0,0
1060,0.0267963861,0,0,0,0,0,0
1061,0.0273953823,0,0,0,0,0,0
1062,0.0265984554,0,0,0,0,0,0
1063,0.0270448827,0,0,0,0,0,0
1064,0.0287807652,0,0,0,0,0,0
1065,0.02901482595,0,0,0,0,0,0
1066,0.02901482595,0,0,0,0,0,0
1067,0.0290079735,0,0,0,0,0,0
1068,0.0264695343,0,0,0,0,0,0
1069,0.0290076237,0,0,0,0,0,0
1070,0.0268402101,0,0,0,0,0,0
1071,0.0290111349,0,0,0,0,0,0
1072,0.0270476844,0,0,0,0,0,0
1073,0.0290095674,0,0,0,0,0,0
1074,0.14847444315,0,0,0,0,0,0
1075,0.02901060195,0,0,0,0,0,0
1076,0.0263753457,0,0,0,0,0,0
1077,0.02901600405,0,0,0,0,0,0
1078,0.0290149299,0,0,0,0,0,0
1079,0.029014953,0,0,0,0,0,0
1080,0.02901545625,0,0,0,0,0,0
1081,0.0290079009,0,0,0,0,0,0
1082,0.0249649059,0,0,0,0,0,0
1083,0.0290149464,0,0,0,0,0,0
1084,0.0290202561,0,0,0,0,0,0
1085,0.0277488618,0,0,0,0,0,0
1086,0.0279986553,0,0,0,0,0,0
1087,0.0248436342,0,0,0,0,0,0
1088,0.0290149464,0,0,0,0,0,0
1089,0.0264453684,0,0,0,0,0,0
1090,0.02720822775,0,0,0,0,0,0
1091,0.0290095674,0,0,0,0,0,0
1092,0.0290095707,0,0,0,0,0,0
1093,0.0290095641,0,0,0,0,0,0
1094,0.02742730155,0,0,0,0,0,0
1095,0.02901546285,0,0,0,0,0,0
1096,0.02901491835,0,0,0,0,0,0
1097,0.1462944087,0,0,0,0,0,0
1098,0.0290148771,0,0,0,0,0,0
1099,0.0257471841,0,0,0,0,0,0
1100,0.0268369563,0,0,0,0,0,0
1101,0.0266539614,0,0,0,0,0,0
1102,0.029015415,0,0,0,0,0,0
1103,0.02901484245,0,0,0,0,0,0
1104,0.02504107155,0,0,0,0,0,0
1105,0.0290106168,0,0,0,0,0,0
1106,0.029014953,0,0,0,0,0,0
1107,0.0290090328,0,0,0,0,0,0
1108,0.1459738302,0,0,0,0,0,0
1109,0.0270711177,0,0,0,0,0,0
1110,0.14594173935,0,0,0,0,0,0
1111,0.0290089866,0,0,0,0,0,0
1112,0.0269370288,0,0,0,0,0,0
1113,0.0278602533,0,0,0,0,0,0
1114,0.0285938664,0,0,0,0,0,0
1115,0.0265125465,0,0,0,0,0,0
1116,0.02901328155,0,0,0,0,0,0
1117,0.0290154942,0,0,0,0,0,0
1118,0.02449611945,0,0,0,0,0,0
1119,0.0290149299,0,0,0,0,0,0
1120,0.0290116596,0,0,0,0,0,0
1121,0.02898119235,0,0,0,0,0,0
1122,0.0290090262,0,0,0,0,0,0
1123,0.1484744778,0,0,0,0,0,0
1124,0.029016022199999995,0,0,0,0,0,0
1125,0.02901490185,0,0,0,0,0,0
1126,0.0290149365,0,0,0,0,0,0
1127,0.0290149266,0,0,0,0,0,0
1128,0.0290159793,0,0,0,0,0,0
1129,0.0270891027,0,0,0,0,0,0
1130,0.029009009699999994,0,0,0,0,0,0
1131,0.1484744844,0,0,0,0,0,0
1132,0.02613279075,0,0,0,0,0,0
1133,0.0290094981,0,0,0,0,0,0
1134,0.02662477455,0,0,0,0,0,0
1135,0.028454449649999995,0,0,0,0,0,0
1136,0.0290090361,0,0,0,0,0,0
1137,0.02751418395,0,0,0,0,0,0
1138,0.0290084784,0,0,0,0,0,0
1139,0.027221931,0,0,0,0,0,0
1140,0.0280935501,0,0,0,0,0,0
1141,0.029014953,0,0,0,0,0,0
1142,0.029014953,0,0,0,0,0,0
1143,0.029014953,0,0,0,0,0,0
1144,0.029014953,0,0,0,0,0,0
1145,0.029014953,0,0,0,0,0,0
1146,0.029014953,0,0,0,0,0,0
1147,0.029014953,0,0,0,0,0,0
1148,0.029014953,0,0,0,0,0,0
1149,0.029014953,0,0,0,0,0,0
1150,0.029014953,0,0,0,0,0,0
1151,0.029014953,0,0,0,0,0,0
1152,0.029014953,0,0,0,0,0,0
1153,0.029014953,0,0,0,0,0,0
1154,0.029014953,0,0,0,0,0,0
1155,0.029014953,0,0,0,0,0,0
1156,0.029014953,0,0,0,0,0,0
1157,0.029014953,0,0,0,0,0,0
1158,0.029014953,0,0,0,0,0,0
1159,0.029014953,0,0,0,0,0,0
1160,0.029014953,0,0,0,0,0,0
1161,0.029014953,0,0,0,0,0,0
1162,0.029014953,0,0,0,0,0,0
1163,0.029014953,0,0,0,0,0,0
1164,0.029014953,0,0,0,0,0,0
1165,0.029014953,0,0,0,0,0,0
1166,0.029014953,0,0,0,0,0,0
1167,0.029014953,0,0,0,0,0,0
1168,0.029014953,0,0,0,0,0,0
1169,0.029014953,0,0,0,0,0,0
1170,0.029014953,0,0,0,0,0,0
1171,0.029014953,0,0,0,0,0,0
1172,0.029014953,0,0,0,0,0,0
1173,0.029014953,0,0,0,0,0,0
1174,0.029014953,0,0,0,0,0,0
1175,0.029014953,0,0,0,0,0,0
1176,0.029014953,0,0,0,0,0,0
1177,0.029014953,0,0,0,0,0,0
1178,0.029014953,0,0,0,0,0,0
1179,0.029014953,0,0,0,0,0,0
1180,0.029014953,0,0,0,0,0,0
1181,0.029014953,0,0,0,0,0,0
1182,0.02723175345,0,0,0,0,0,0
1183,0.0290094156,0,0,0,0,0,0
1184,0.02716959795,0,0,0,0,0,0
1185,0.02900797185,0,0,0,0,0,0
1186,0.02900739435,0,0,0,0,0,0
1187,0.02686084005,0,0,0,0,0,0
1188,0.0290138937,0,0,0,0,0,0
1189,0.0290139168,0,0,0,0,0,0
1190,0.02752041765,0,0,0,0,0,0
1191,0.02538087255,0,0,0,0,0,0
1192,0.0290101515,0,0,0,0,0,0
1193,0.0290096004,0,0,0,0,0,0
1194,0.0290096301,0,0,0,0,0,0
1195,0.0290101614,0,0,0,0,0,0
1196,0.0286576587,0,0,0,0,0,0
1197,0.02696713635,0,0,0,0,0,0
1198,0.0290095476,0,0,0,0,0,0
1199,0.02651761035,0,0,0,0,0,0
1200,0.0290144316,0,0,0,0,0,0
1201,0.0253809633,0,0,0,0,0,0
1202,0.02901114645,0,0,0,0,0,0
1203,0.02901382935,0,0,0,0,0,0
1204,0.02640643665,0,0,0,0,0,0
1205,0.02655377505,0,0,0,0,0,0
1206,0.02681067015,0,0,0,0,0,0
1207,0.02648278215,0,0,0,0,0,0
1208,0.02814100905,0,0,0,0,0,0
1209,0.14849242485,0,0,0,0,0,0
1210,0.02900746695,0,0,0,0,0,0
1211,0.0269356197,0,0,0,0,0,0
1212,0.02886950715,0,0,0,0,0,0
1213,0.0290101647,0,0,0,0,0,0
1214,0.02711384445,0,0,0,0,0,0
1215,0.029009607,0,0,0,0,0,0
1216,0.02676725205,0,0,0,0,0,0
1217,0.02480423715,0,0,0,0,0,0
1218,0.0290138673,0,0,0,0,0,0
1219,0.02901385575,0,0,0,0,0,0
1220,0.02662426305,0,0,0,0,0,0
1221,0.0290101482,0,0,0,0,0,0
1222,0.02900746035,0,0,0,0,0,0
1223,0.0290106762,0,0,0,0,0,0
1224,0.1484920305,0,0,0,0,0,0
1225,0.029013903599999995,0,0,0,0,0,0
1226,0.02901387225,0,0,0,0,0,0
1227,0.1465494756,0,0,0,0,0,0
1228,0.0290139135,0,0,0,0,0,0
1229,0.02691925665,0,0,0,0,0,0
1230,0.029013897,0,0,0,0,0,0
1231,0.15044963505,0,0,0,0,0,0
1232,0.0290101614,0,0,0,0,0,0
1233,0.0290117355,0,0,0,0,0,0
1234,0.0290144283,0,0,0,0,0,0
1235,0.02689813995,0,0,0,0,0,0
1236,0.02657540325,0,0,0,0,0,0
1237,0.0290101383,0,0,0,0,0,0
1238,0.0289882263,0,0,0,0,0,0
1239,0.0289909224,0,0,0,0,0,0
1240,0.02901066135,0,0,0,0,0,0
1241,0.02901437385,0,0,0,0,0,0
1242,0.0290106003,0,0,0,0,0,0
1243,0.0289541208,0,0,0,0,0,0
1244,0.0290095905,0,0,0,0,0,0
1245,0.0290096004,0,0,0,0,0,0
1246,0.0274191621,0,0,0,0,0,0
1247,0.0290095476,0,0,0,0,0,0
1248,0.02681490405,0,0,0,0,0,0
1249,0.02901441345,0,0,0,0,0,0
1250,0.1484881695,0,0,0,0,0,0
1251,0.0268694052,0,0,0,0,0,0
1252,0.02891235435,0,0,0,0,0,0
1253,0.02776317555,0,0,0,0,0,0
1254,0.0290101284,0,0,0,0,0,0
1255,0.0290096037,0,0,0,0,0,0
1256,0.0290101251,0,0,0,0,0,0
1257,0.0290144316,0,0,0,0,0,0
1258,0.02784761925,0,0,0,0,0,0
1259,0.02900960535,0,0,0,0,0,0
1260,0.0290085279,0,0,0,0,0,0
1261,0.0290144316,0,0,0,0,0,0
1262,0.02901439695,0,0,0,0,0,0
1263,0.0290144184,0,0,0,0,0,0
1264,0.0290111943,0,0,0,0,0,0
1265,0.029010135,0,0,0,0,0,0
1266,0.1484632017,0,0,0,0,0,0
1267,0.02901125205,0,0,0,0,0,0
1268,0.0290106729,0,0,0,0,0,0
1269,0.02517818325,0,0,0,0,0,0
1270,0.0290144118,0,0,0,0,0,0
1271,0.02803264035,0,0,0,0,0,0
1272,0.029014408499999995,0,0,0,0,0,0
1273,0.0290101185,0,0,0,0,0,0
1274,0.02667935985,0,0,0,0,0,0
1275,0.1484892222,0,0,0,0,0,0
1276,0.02601301065,0,0,0,0,0,0
1277,0.0290106795,0,0,0,0,0,0
1278,0.0290144151,0,0,0,0,0,0
1279,0.14849292975,0,0,0,0,0,0
1280,0.14839277475,0,0,0,0,0,0
1281,0.0253714395,0,0,0,0,0,0
1282,0.02901439695,0,0,0,0,0,0
1283,0.02901438705,0,0,0,0,0,0
1284,0.0290096136,0,0,0,0,0,0
1285,0.02901438705,0,0,0,0,0,0
1286,0.02901438375,0,0,0,0,0,0
1287,0.1482054585,0,0,0,0,0,0
1288,0.0290106828,0,0,0,0,0,0
1289,0.02664842565,0,0,0,0,0,0
1290,0.14849240835,0,0,0,0,0,0
1291,0.14849235225,0,0,0,0,0,0
1292,0.02900748675,0,0,0,0,0,0
1293,0.0290122635,0,0,0,0,0,0
1294,0.14849149755,0,0,0,0,0,0
1295,0.14849187045,0,0,0,0,0,0
1296,0.02709993825,0,0,0,0,0,0
1297,0.0290095905,0,0,0,0,0,0
1298,0.029013897,0,0,0,0,0,0
1299,0.0290138871,0,0,0,0,0,0
1300,0.02843417775,0,0,0,0,0,0
1301,0.0290101284,0,0,0,0,0,0
1302,0.0290138706,0,0,0,0,0,0
1303,0.0290139168,0,0,0,0,0,0
1304,0.02901385575,0,0,0,0,0,0
1305,0.02900636805,0,0,0,0,0,0
1306,0.0272485224,0,0,0,0,0,0
1307,0.0290095872,0,0,0,0,0,0
1308,0.0269051574,0,0,0,0,0,0
1309,0.0290138673,0,0,0,0,0,0
1310,0.0290101383,0,0,0,0,0,0
1311,0.0290138706,0,0,0,0,0,0
1312,0.02901384255,0,0,0,0,0,0
1313,0.14789496645,0,0,0,0,0,0
1314,0.02901380295,0,0,0,0,0,0
1315,0.0290101449,0,0,0,0,0,0
1316,0.0268151235,0,0,0,0,0,0
1317,0.0290101548,0,0,0,0,0,0
1318,0.02900738445,0,0,0,0,0,0
1319,0.0290101185,0,0,0,0,0,0
1320,0.02716468755,0,0,0,0,0,0
1321,0.1460974284,0,0,0,0,0,0
1322,0.0290144316,0,0,0,0,0,0
1323,0.0290144283,0,0,0,0,0,0
1324,0.02704846815,0,0,0,0,0,0
1325,0.0290144118,0,0,0,0,0,0
1326,0.0290144118,0,0,0,0,0,0
1327,0.0290144118,0,0,0,0,0,0
1328,0.0290144118,0,0,0,0,0,0
1329,0.0290144118,0,0,0,0,0,0
1330,0.0290144118,0,0,0,0,0,0
1331,0.0290144118,0,0,0,0,0,0
1332,0.0290144118,0,0,0,0,0,0
1333,0.0290144118,0,0,0,0,0,0
1334,0.0290144118,0,0,0,0,0,0
1335,0.0290144118,0,0,0,0,0,0
1336,0.0290144118,0,0,0,0,0,0
1337,0.0290144118,0,0,0,0,0,0
1338,0.0290144118,0,0,0,0,0,0
1339,0.0290144118,0,0,0,0,0,0
1340,0.0290144118,0,0,0,0,0,0
1341,0.0290144118,0,0,0,0,0,0
1342,0.0290144118,0,0,0,0,0,0
1343,0.0290144118,0,0,0,0,0,0
1344,0.0290144118,0,0,0,0,0,0
1345,0.0290144118,0,0,0,0,0,0
1346,0.0290144118,0,0,0,0,0,0
1347,0.0290144118,0,0,0,0,0,0
1348,0.0290144118,0,0,0,0,0,0
1349,0.0290144118,0,0,0,0,0,0
1350,0.0290144118,0,0,0,0,0,0
1351,0.0290144118,0,0,0,0,0,0
1352,0.0290144118,0,0,0,0,0,0
1353,0.0290144118,0,0,0,0,0,0
1354,0.0290144118,0,0,0,0,0,0
1355,0.0290144118,0,0,0,0,0,0
1356,0.0290144118,0,0,0,0,0,0
1357,0.0290144118,0,0,0,0,0,0
1358,0.0290144118,0,0,0,0,0,0
1359,0.0290144118,0,0,0,0,0,0
1360,0.0290144118,0,0,0,0,0,0
1361,0.0290144118,0,0,0,0,0,0
1362,0.0290144118,0,0,0,0,0,0
1363,0.0290144118,0,0,0,0,0,0
1364,0.0290144118,0,0,0,0,0,0
1365,0.0290144118,0,0,0,0,0,0
1366,0.0290144118,0,0,0,0,0,0
1367,0.14727141165,0,0,0,0,0,0
1368,0.02900904765,0,0,0,0,0,0
1369,0.0265053789,0,0,0,0,0,0
1370,0.02704100355,0,0,0,0,0,0
1371,0.0272809911,0,0,0,0,0,0
1372,0.0316521975,0,0,0,0,0,0
1373,0.14842302255,0,0,0,0,0,0
1374,0.024187779,0,0,0,0,0,0
1375,0.0257775375,0,0,0,0,0,0
1376,0.0265597992,0,0,0,0,0,0
1377,0.0268350786,0,0,0,0,0,0
1378,0.0266229381,0,0,0,0,0,0
1379,0.02901228495,0,0,0,0,0,0
1380,0.0289580808,0,0,0,0,0,0
1381,0.02901227505,0,0,0,0,0,0
1382,0.02901229155,0,0,0,0,0,0
1383,0.02901277665,0,0,0,0,0,0
1384,0.029012789849999995,0,0,0,0,0,0
1385,0.0268963794,0,0,0,0,0,0
1386,0.02596353375,0,0,0,0,0,0
1387,0.14848438935,0,0,0,0,0,0
1388,0.02901008055,0,0,0,0,0,0
1389,0.0285314799,0,0,0,0,0,0
1390,0.14656278285,0,0,0,0,0,0
1391,0.0267606174,0,0,0,0,0,0
1392,0.029012789849999995,0,0,0,0,0,0
1393,0.02900797185,0,0,0,0,0,0
1394,0.02901277005,0,0,0,0,0,0
1395,0.02900795205,0,0,0,0,0,0
1396,0.0264379665,0,0,0,0,0,0
1397,0.0269375073,0,0,0,0,0,0
1398,0.02901336405,0,0,0,0,0,0
1399,0.0265600665,0,0,0,0,0,0
1400,0.02901332775,0,0,0,0,0,0
1401,0.14711443065,0,0,0,0,0,0
1402,0.02900743065,0,0,0,0,0,0
1403,0.02901281625,0,0,0,0,0,0
1404,0.02901336075,0,0,0,0,0,0
1405,0.14848440585,0,0,0,0,0,0
1406,0.02901279645,0,0,0,0,0,0
1407,0.02901332115,0,0,0,0,0,0
1408,0.029012789849999995,0,0,0,0,0,0
1409,0.02900793225,0,0,0,0,0,0
1410,0.02900689275,0,0,0,0,0,0
1411,0.14848332015,0,0,0,0,0,0
1412,0.0281192043,0,0,0,0,0,0
1413,0.02901280305,0,0,0,0,0,0
1414,0.02901222225,0,0,0,0,0,0
1415,0.029012789849999995,0,0,0,0,0,0
1416,0.0264710061,0,0,0,0,0,0
1417,0.02900797185,0,0,0,0,0,0
1418,0.02901066795,0,0,0,0,0,0
1419,0.02900798505,0,0,0,0,0,0
1420,0.02901335745,0,0,0,0,0,0
1421,0.02901336405,0,0,0,0,0,0
1422,0.02901334755,0,0,0,0,0,0
1423,0.02901332445,0,0,0,0,0,0
1424,0.0291084717,0,0,0,0,0,0
1425,0.0274380612,0,0,0,0,0,0
1426,0.02901282615,0,0,0,0,0,0
1427,0.0290010237,0,0,0,0,0,0
1428,0.0260219553,0,0,0,0,0,0
1429,0.02901336075,0,0,0,0,0,0
1430,0.029013340949999994,0,0,0,0,0,0
1431,0.02901332445,0,0,0,0,0,0
1432,0.02901332115,0,0,0,0,0,0
1433,0.02901282285,0,0,0,0,0,0
1434,0.02901331785,0,0,0,0,0,0
1435,0.0256424817,0,0,0,0,0,0
1436,0.02901283275,0,0,0,0,0,0
1437,0.0290101053,0,0,0,0,0,0
1438,0.0290074818,0,0,0,0,0,0
1439,0.029009079,0,0,0,0,0,0
1440,0.029009607,0,0,0,0,0,0
1441,0.0276702822,0,0,0,0,0,0
1442,0.0276903759,0,0,0,0,0,0
1443,0.0255100923,0,0,0,0,0,0
1444,0.0290096598,0,0,0,0,0,0
1445,0.0290096598,0,0,0,0,0,0
1446,0.0263873511,0,0,0,0,0,0
1447,0.02901227505,0,0,0,0,0,0
1448,0.02569333305,0,0,0,0,0,0
1449,0.02900796195,0,0,0,0,0,0
1450,0.0271455195,0,0,0,0,0,0
1451,0.02901278325,0,0,0,0,0,0
1452,0.15112531335,0,0,0,0,0,0
1453,0.02901064815,0,0,0,0,0,0
1454,0.14848544205,0,0,0,0,0,0
1455,0.02901331455,0,0,0,0,0,0
1456,0.0269308677,0,0,0,0,0,0
1457,0.0265109625,0,0,0,0,0,0
1458,0.026852185799999994,0,0,0,0,0,0
1459,0.029012836049999994,0,0,0,0,0,0
1460,0.02901332775,0,0,0,0,0,0
1461,0.02901334425,0,0,0,0,0,0
1462,0.02901334425,0,0,0,0,0,0
1463,0.02901295485,0,0,0,0,0,0
1464,0.0278178714,0,0,0,0,0,0
1465,0.0290063532,0,0,0,0,0,0
1466,0.0290106102,0,0,0,0,0,0
1467,0.025981593,0,0,0,0,0,0
1468,0.02901332775,0,0,0,0,0,0
1469,0.02901281955,0,0,0,0,0,0
1470,0.02901336075,0,0,0,0,0,0
1471,0.02901337725,0,0,0,0,0,0
1472,0.0265392699,0,0,0,0,0,0
1473,0.0278659128,0,0,0,0,0,0
1474,0.0290376438,0,0,0,0,0,0
1475,0.02901336735,0,0,0,0,0,0
1476,0.02900742075,0,0,0,0,0,0
1477,0.14674689975,0,0,0,0,0,0
1478,0.0269143677,0,0,0,0,0,0
1479,0.02598783825,0,0,0,0,0,0
1480,0.0276688335,0,0,0,0,0,0
1481,0.02900690265,0,0,0,0,0,0
1482,0.14643530715,0,0,0,0,0,0
1483,0.0289594437,0,0,0,0,0,0
1484,0.02901333105,0,0,0,0,0,0
1485,0.02901278325,0,0,0,0,0,0
1486,0.0280634706,0,0,0,0,0,0
1487,0.02901282615,0,0,0,0,0,0
1488,0.02901012015,0,0,0,0,0,0
1489,0.0268658082,0,0,0,0,0,0
1490,0.02901332115,0,0,0,0,0,0
1491,0.0283864614,0,0,0,0,0,0
1492,0.02901335745,0,0,0,0,0,0
1493,0.02901330465,0,0,0,0,0,0
1494,0.0290069736,0,0,0,0,0,0
1495,0.0287066835,0,0,0,0,0,0
1496,0.0259835433,0,0,0,0,0,0
1497,0.02900743395,0,0,0,0,0,0
1498,0.02900744715,0,0,0,0,0,0
1499,0.02900744055,0,0,0,0,0,0
1500,0.0266018115,0,0,0,0,0,0
1501,0.02901332775,0,0,0,0,0,0
1502,0.02901335085,0,0,0,0,0,0
1503,0.02597171115,0,0,0,0,0,0
1504,0.02901281955,0,0,0,0,0,0
1505,0.02779293,0,0,0,0,0,0
1506,0.02900746035,0,0,0,0,0,0
1507,0.02901167115,0,0,0,0,0,0
1508,0.027139193399999994,0,0,0,0,0,0
1509,0.15071675685,0,0,0,0,0,0
1510,0.02901279645,0,0,0,0,0,0
1511,0.02900688615,0,0,0,0,0,0
1512,0.02900796855,0,0,0,0,0,0
1513,0.02900798505,0,0,0,0,0,0
1514,0.0265258653,0,0,0,0,0,0
1515,0.0274063152,0,0,0,0,0,0
1516,0.02901121575,0,0,0,0,0,0
1517,0.02578768005,0,0,0,0,0,0
1518,0.0277132053,0,0,0,0,0,0
1519,0.02901283275,0,0,0,0,0,0
1520,0.0290101482,0,0,0,0,0,0
1521,0.02901334755,0,0,0,0,0,0
1522,0.0279350412,0,0,0,0,0,0
1523,0.029013340949999994,0,0,0,0,0,0
1524,0.02900743065,0,0,0,0,0,0
1525,0.0266970165,0,0,0,0,0,0
1526,0.029013340949999994,0,0,0,0,0,0
1527,0.02901328155,0,0,0,0,0,0
1528,0.0266943204,0,0,0,0,0,0
1529,0.0275326392,0,0,0,0,0,0
1530,0.14623055205,0,0,0,0,0,0
1531,0.02901336075,0,0,0,0,0,0
1532,0.02901220575,0,0,0,0,0,0
1533,0.0290063565,0,0,0,0,0,0
1534,0.14848431675,0,0,0,0,0,0
1535,0.02901332775,0,0,0,0,0,0
1536,0.02901282945,0,0,0,0,0,0
1537,0.02446141005,0,0,0,0,0,0
1538,0.0275346753,0,0,0,0,0,0
1539,0.02901282615,0,0,0,0,0,0
1540,0.0259990269,0,0,0,0,0,0
1541,0.02901118275,0,0,0,0,0,0
1542,0.0267955875,0,0,0,0,0,0
1543,0.0290117652,0,0,0,0,0,0
1544,0.02901012015,0,0,0,0,0,0
1545,0.14848010595,0,0,0,0,0,0
1546,0.02901330465,0,0,0,0,0,0
1547,0.0290080329,0,0,0,0,0,0
1548,0.02900738775,0,0,0,0,0,0
1549,0.02901334425,0,0,0,0,0,0
1550,0.02901067785,0,0,0,0,0,0
1551,0.0288594999,0,0,0,0,0,0
1552,0.02901229815,0,0,0,0,0,0
1553,0.0265597332,0,0,0,0,0,0
1554,0.02596041195,0,0,0,0,0,0
1555,0.02596041195,0,0,0,0,0,0
1556,0.0290097489,0,0,0,0,0,0
1557,0.0269499978,0,0,0,0,0,0
1558,0.0277961409,0,0,0,0,0,0
1559,0.0265480479,0,0,0,0,0,0
1560,0.02901335415,0,0,0,0,0,0
1561,0.0290079207,0,0,0,0,0,0
1562,0.02901331785,0,0,0,0,0,0
1563,0.0265079925,0,0,0,0,0,0
1564,0.0290095872,0,0,0,0,0,0
1565,0.0290090592,0,0,0,0,0,0
1566,0.0269292111,0,0,0,0,0,0
1567,0.02900797515,0,0,0,0,0,0
1568,0.0257712411,0,0,0,0,0,0
1569,0.02901331455,0,0,0,0,0,0
1570,0.0275204094,0,0,0,0,0,0
1571,0.0276601182,0,0,0,0,0,0
1572,0.02900799165,0,0,0,0,0,0
1573,0.0290079702,0,0,0,0,0,0
1574,0.02900743065,0,0,0,0,0,0
1575,0.02901336075,0,0,0,0,0,0
1576,0.0290527413,0,0,0,0,0,0
1577,0.029010696,0,0,0,0,0,0
1578,0.02901279975,0,0,0,0,0,0
1579,0.02901277995,0,0,0,0,0,0
1580,0.02901066795,0,0,0,0,0,0
1581,0.02900745045,0,0,0,0,0,0
1582,0.14693245215,0,0,0,0,0,0
1583,0.02900743725,0,0,0,0,0,0
1584,0.02900798175,0,0,0,0,0,0
1585,0.02900955915,0,0,0,0,0,0
1586,0.02901226515,0,0,0,0,0,0
1587,0.02900797515,0,0,0,0,0,0
1588,0.02494704135,0,0,0,0,0,0
1589,0.028958853,0,0,0,0,0,0
1590,0.027893613,0,0,0,0,0,0
1591,0.02901338055,0,0,0,0,0,0
1592,0.02901333765,0,0,0,0,0,0
1593,0.0270131598,0,0,0,0,0,0
1594,0.026937754799999995,0,0,0,0,0,0
1595,0.026937754799999995,0,0,0,0,0,0
1596,0.0266744082,0,0,0,0,0,0
1597,0.0276390906,0,0,0,0,0,0
1598,0.0278667411,0,0,0,0,0,0
1599,0.02901229155,0,0,0,0,0,0
1600,0.02901223545,0,0,0,0,0,0
1601,0.14848546185,0,0,0,0,0,0
1602,0.02900745375,0,0,0,0,0,0
1603,0.02900799165,0,0,0,0,0,0
1604,0.0287629716,0,0,0,0,0,0
1605,0.0289680633,0,0,0,0,0,0
1606,0.02901281295,0,0,0,0,0,0
1607,0.02901331455,0,0,0,0,0,0
1608,0.02901335415,0,0,0,0,0,0
1609,0.0255634038,0,0,0,0,0,0
1610,0.0270343227,0,0,0,0,0,0
1611,0.0252276222,0,0,0,0,0,0
1612,0.0265895256,0,0,0,0,0,0
1613,0.027527124899999995,0,0,0,0,0,0
1614,0.0277643619,0,0,0,0,0,0
1615,0.0290074884,0,0,0,0,0,0
1616,0.0289889391,0,0,0,0,0,0
1617,0.14640202665,0,0,0,0,0,0
1618,0.02900793885,0,0,0,0,0,0
1619,0.02900629875,0,0,0,0,0,0
1620,0.02901220245,0,0,0,0,0,0
1621,0.0290592555,0,0,0,0,0,0
1622,0.02900740095,0,0,0,0,0,0
1623,0.14848489095,0,0,0,0,0,0
1624,0.02392649655,0,0,0,0,0,0
1625,0.02900844375,0,0,0,0,0,0
1626,0.02596269225,0,0,0,0,0,0
1627,0.14600626425,0,0,0,0,0,0
1628,0.14852974785,0,0,0,0,0,0
1629,0.14608276485,0,0,0,0,0,0
1630,0.0272604354,0,0,0,0,0,0
1631,0.02900739105,0,0,0,0,0,0
1632,0.02901278655,0,0,0,0,0,0
1633,0.027332613,0,0,0,0,0,0
1634,0.02901326835,0,0,0,0,0,0
1635,0.02900792895,0,0,0,0,0,0
1636,0.14718071775,0,0,0,0,0,0
1637,0.0290090064,0,0,0,0,0,0
1638,0.14847970995,0,0,0,0,0,0
1639,0.0277937055,0,0,0,0,0,0
1640,0.0272076882,0,0,0,0,0,0
1641,0.0286932756,0,0,0,0,0,0
1642,0.0258796296,0,0,0,0,0,0
1643,0.0275885445,0,0,0,0,0,0
1644,0.14665965105,0,0,0,0,0,0
1645,0.0292737819,0,0,0,0,0,0
1646,0.02901332775,0,0,0,0,0,0
1647,0.0269118729,0,0,0,0,0,0
1648,0.0290399274,0,0,0,0,0,0
1649,0.0264478731,0,0,0,0,0,0
1650,0.02901214305,0,0,0,0,0,0
1651,0.02901326175,0,0,0,0,0,0
1652,0.0289857315,0,0,0,0,0,0
1653,0.02901328815,0,0,0,0,0,0
1654,0.14687947395,0,0,0,0,0,0
1655,0.14683196055,0,0,0,0,0,0
1656,0.0270392694,0,0,0,0,0,0
1657,0.0277031766,0,0,0,0,0,0
1658,0.02900790585,0,0,0,0,0,0
1659,0.0267990294,0,0,0,0,0,0
1660,0.02901331455,0,0,0,0,0,0
1661,0.02901328815,0,0,0,0,0,0
1662,0.02643267,0,0,0,0,0,0
1663,0.0251355885,0,0,0,0,0,0
1664,0.02901272715,0,0,0,0,0,0
1665,0.0255286185,0,0,0,0,0,0
1666,0.029013294749999995,0,0,0,0,0,0
1667,0.0271698471,0,0,0,0,0,0
1668,0.02901005085,0,0,0,0,0,0
1669,0.0264188958,0,0,0,0,0,0
1670,0.0290084916,0,0,0,0,0,0
1671,0.0290033172,0,0,0,0,0,0
1672,0.027110061,0,0,0,0,0,0
1673,0.14847951855,0,0,0,0,0,0
1674,0.0269909178,0,0,0,0,0,0
1675,0.02900740755,0,0,0,0,0,0
1676,0.027729042000000006,0,0,0,0,0,0
1677,0.0250352784,0,0,0,0,0,0
1678,0.02901328485,0,0,0,0,0,0
1679,0.027436992,0,0,0,0,0,0
1680,0.02901267435,0,0,0,0,0,0
1681,0.02900741745,0,0,0,0,0,0
1682,0.02900524275,0,0,0,0,0,0
1683,0.0290117124,0,0,0,0,0,0
1684,0.0275524623,0,0,0,0,0,0
1685,0.0267297723,0,0,0,0,0,0
1686,0.14848541565,0,0,0,0,0,0
1687,0.0259093395,0,0,0,0,0,0
1688,0.0285665292,0,0,0,0,0,0
1689,0.0290100888,0,0,0,0,0,0
1690,0.027726996,0,0,0,0,0,0
1691,0.02901274365,0,0,0,0,0,0
1692,0.02901327495,0,0,0,0,0,0
1693,0.02901327495,0,0,0,0,0,0
1694,0.02900811375,0,0,0,0,0,0
1695,0.02900811375,0,0,0,0,0,0
1696,0.02901327825,0,0,0,0,0,0
1697,0.02901327825,0,0,0,0,0,0
1698,0.02901327825,0,0,0,0,0,0
1699,0.02901079335,0,0,0,0,0,0
1700,0.02901287565,0,0,0,0,0,0
1701,0.0277638966,0,0,0,0,0,0
1702,0.02901222885,0,0,0,0,0,0
1703,0.14848437285,0,0,0,0,0,0
1704,0.0290111481,0,0,0,0,0,0
1705,0.0290052576,0,0,0,0,0,0
1706,0.0290074356,0,0,0,0,0,0
1707,0.02900686965,0,0,0,0,0,0
1708,0.14732974575,0,0,0,0,0,0
1709,0.14732974575,0,0,0,0,0,0
1710,0.0279811818,0,0,0,0,0,0
1711,0.0268120281,0,0,0,0,0,0
1712,0.0271655505,0,0,0,0,0,0
1713,0.02901327495,0,0,0,0,0,0
1714,0.02901328485,0,0,0,0,0,0
1715,0.02901219585,0,0,0,0,0,0
1716,0.0257865729,0,0,0,0,0,0
1717,0.14848430355,0,0,0,0,0,0
1718,0.028478934,0,0,0,0,0,0
1719,0.0259391451,0,0,0,0,0,0
1720,0.0282588372,0,0,0,0,0,0
1721,0.02901327165,0,0,0,0,0,0
1722,0.029007381149999994,0,0,0,0,0,0
1723,0.02900790915,0,0,0,0,0,0
1724,0.02901277995,0,0,0,0,0,0
1725,0.0276711831,0,0,0,0,0,0
1726,0.029006833349999993,0,0,0,0,0,0
1727,0.02901273705,0,0,0,0,0,0
1728,0.02900739765,0,0,0,0,0,0
1729,0.02901276345,0,0,0,0,0,0
1730,0.02900793225,0,0,0,0,0,0
1731,0.02598371325,0,0,0,0,0,0
1732,0.0278375889,0,0,0,0,0,0
1733,0.02901222885,0,0,0,0,0,0
1734,0.02901332775,0,0,0,0,0,0
1735,0.14757272475,0,0,0,0,0,0
1736,0.02900739765,0,0,0,0,0,0
1737,0.02900687295,0,0,0,0,0,0
1738,0.0270333723,0,0,0,0,0,0
1739,0.0290133393,0,0,0,0,0,0
1740,0.0290095773,0,0,0,0,0,0
1741,0.0283259691,0,0,0,0,0,0
1742,0.0275333025,0,0,0,0,0,0
1743,0.02901009705,0,0,0,0,0,0
1744,0.0261039273,0,0,0,0,0,0
1745,0.027736896,0,0,0,0,0,0
1746,0.02900764515,0,0,0,0,0,0
1747,0.14718387585,0,0,0,0,0,0
1748,0.0254214477,0,0,0,0,0,0
1749,0.14859383385,0,0,0,0,0,0
1750,0.02900793885,0,0,0,0,0,0
1751,0.0270421338,0,0,0,0,0,0
1752,0.14848435305,0,0,0,0,0,0
1753,0.02395905765,0,0,0,0,0,0
1754,0.0265077582,0,0,0,0,0,0
1755,0.0273050877,0,0,0,0,0,0
1756,0.025935756,0,0,0,0,0,0
1757,0.029013294749999995,0,0,0,0,0,0
1758,0.0267591687,0,0,0,0,0,0
1759,0.0265243011,0,0,0,0,0,0
1760,0.02900790255,0,0,0,0,0,0
1761,0.0266483844,0,0,0,0,0,0
1762,0.02901279315,0,0,0,0,0,0
1763,0.02901327825,0,0,0,0,0,0
1764,0.0290079801,0,0,0,0,0,0
1765,0.02900741085,0,0,0,0,0,0
1766,0.0259916481,0,0,0,0,0,0
1767,0.02900952615,0,0,0,0,0,0
1768,0.02901275355,0,0,0,0,0,0
1769,0.0272463576,0,0,0,0,0,0
1770,0.0261722472,0,0,0,0,0,0
1771,0.02901275685,0,0,0,0,0,0
1772,0.0267819717,0,0,0,0,0,0
1773,0.14660345535,0,0,0,0,0,0
1774,0.02900684655,0,0,0,0,0,0
1775,0.02900791245,0,0,0,0,0,0
1776,0.02900741085,0,0,0,0,0,0
1777,0.14618363925,0,0,0,0,0,0
1778,0.0271520634,0,0,0,0,0,0
1779,0.02901327165,0,0,0,0,0,0
1780,0.0290100492,0,0,0,0,0,0
1781,0.02900792895,0,0,0,0,0,0
1782,0.0290137881,0,0,0,0,0,0
1783,0.0290095476,0,0,0,0,0,0
1784,0.02901330465,0,0,0,0,0,0
1785,0.02901326835,0,0,0,0,0,0
1786,0.028968093,0,0,0,0,0,0
1787,0.02901273375,0,0,0,0,0,0
1788,0.0278941806,0,0,0,0,0,0
1789,0.14667693315,0,0,0,0,0,0
1790,0.14781252585,0,0,0,0,0,0
1791,0.02900742735,0,0,0,0,0,0
1792,0.0260648982,0,0,0,0,0,0
1793,0.0275170302,0,0,0,0,0,0
1794,0.02659002225,0,0,0,0,0,0
1795,0.02901277335,0,0,0,0,0,0
1796,0.0279724797,0,0,0,0,0,0
1797,0.02901278655,0,0,0,0,0,0
1798,0.0285975294,0,0,0,0,0,0
1799,0.0264438471,0,0,0,0,0,0
1800,0.0289798707,0,0,0,0,0,0
1801,0.0271557924,0,0,0,0,0,0
1802,0.02900738445,0,0,0,0,0,0
1803,0.02900741415,0,0,0,0,0,0
1804,0.0275278146,0,0,0,0,0,0
1805,0.0268978314,0,0,0,0,0,0
1806,0.029012789849999995,0,0,0,0,0,0
1807,0.02901331125,0,0,0,0,0,0
1808,0.02901329145,0,0,0,0,0,0
1809,0.026535762,0,0,0,0,0,0
1810,0.026990502,0,0,0,0,0,0
1811,0.0262148667,0,0,0,0,0,0
1812,0.02901330135,0,0,0,0,0,0
1813,0.0290097357,0,0,0,0,0,0
1814,0.0269682963,0,0,0,0,0,0
1815,0.02901278325,0,0,0,0,0,0
1816,0.14848489425,0,0,0,0,0,0
1817,0.14714625915,0,0,0,0,0,0
1818,0.0274120902,0,0,0,0,0,0
1819,0.02900790915,0,0,0,0,0,0
1820,0.02900742075,0,0,0,0,0,0
1821,0.0272278314,0,0,0,0,0,0
1822,0.02707919115,0,0,0,0,0,0
1823,0.02703008055,0,0,0,0,0,0
1824,0.02901330135,0,0,0,0,0,0
1825,0.02901277005,0,0,0,0,0,0
1826,0.02901330795,0,0,0,0,0,0
1827,0.0268415268,0,0,0,0,0,0
1828,0.0268415268,0,0,0,0,0,0
1829,0.02901244995,0,0,0,0,0,0
1830,0.0251642919,0,0,0,0,0,0
1831,0.0279965598,0,0,0,0,0,0
1832,0.02901278325,0,0,0,0,0,0
1833,0.0290106531,0,0,0,0,0,0
1834,0.0290101218,0,0,0,0,0,0
1835,0.0282876891,0,0,0,0,0,0
1836,0.02901328485,0,0,0,0,0,0
1837,0.02901332115,0,0,0,0,0,0
1838,0.0264259281,0,0,0,0,0,0
1839,0.0265114509,0,0,0,0,0,0
1840,0.02900796195,0,0,0,0,0,0
1841,0.02900848335,0,0,0,0,0,0
1842,0.02901276015,0,0,0,0,0,0
1843,0.14853720915,0,0,0,0,0,0
1844,0.02901328815,0,0,0,0,0,0
1845,0.15111995085,0,0,0,0,0,0
1846,0.02900740755,0,0,0,0,0,0
1847,0.02901326505,0,0,0,0,0,0
1848,0.14848490085,0,0,0,0,0,0
1849,0.0290174577,0,0,0,0,0,0
1850,0.02901327825,0,0,0,0,0,0
1851,0.0271820736,0,0,0,0,0,0
1852,0.029009574,0,0,0,0,0,0
1853,0.0264507441,0,0,0,0,0,0
1854,0.0290100855,0,0,0,0,0,0
1855,0.14707806465,0,0,0,0,0,0
1856,0.14636162145,0,0,0,0,0,0
1857,0.0258944433,0,0,0,0,0,0
1858,0.0269420184,0,0,0,0,0,0
1859,0.02900791245,0,0,0,0,0,0
1860,0.0241295835,0,0,0,0,0,0
1861,0.0264453123,0,0,0,0,0,0
1862,0.0273169809,0,0,0,0,0,0
1863,0.0290022744,0,0,0,0,0,0
1864,0.02901327825,0,0,0,0,0,0
1865,0.02901326835,0,0,0,0,0,0
1866,0.02901273705,0,0,0,0,0,0
1867,0.02901326835,0,0,0,0,0,0
1868,0.0247268472,0,0,0,0,0,0
1869,0.02474967,0,0,0,0,0,0
1870,0.14599127235,0,0,0,0,0,0
1871,0.0277029852,0,0,0,0,0,0
1872,0.02900740425,0,0,0,0,0,0
1873,0.02900736135,0,0,0,0,0,0
1874,0.0290095476,0,0,0,0,0,0
1875,0.028564602,0,0,0,0,0,0
1876,0.02819698035,0,0,0,0,0,0
1877,0.0272940789,0,0,0,0,0,0
1878,0.0264605682,0,0,0,0,0,0
1879,0.0256283082,0,0,0,0,0,0
1880,0.026988522,0,0,0,0,0,0
1881,0.14641358325,0,0,0,0,0,0
1882,0.14600142645,0,0,0,0,0,0
1883,0.02900632515,0,0,0,0,0,0
1884,0.02901327495,0,0,0,0,0,0
1885,0.02900795205,0,0,0,0,0,0
1886,0.029006833349999993,0,0,0,0,0,0
1887,0.0271653855,0,0,0,0,0,0
1888,0.02901220245,0,0,0,0,0,0
1889,0.02901215955,0,0,0,0,0,0
1890,0.02900737785,0,0,0,0,0,0
1891,0.02901273045,0,0,0,0,0,0
1892,0.02900824905,0,0,0,0,0,0
1893,0.02901332775,0,0,0,0,0,0
1894,0.14598451725,0,0,0,0,0,0
1895,0.02678514795,0,0,0,0,0,0
1896,0.0290138376,0,0,0,0,0,0
1897,0.0264404613,0,0,0,0,0,0
1898,0.02900791245,0,0,0,0,0,0
1899,0.0290100954,0,0,0,0,0,0
1900,0.02900792895,0,0,0,0,0,0
1901,0.02901218925,0,0,0,0,0,0
1902,0.02900738445,0,0,0,0,0,0
1903,0.02900847015,0,0,0,0,0,0
1904,0.02900737785,0,0,0,0,0,0
1905,0.02825067135,0,0,0,0,0,0
1906,0.02901277005,0,0,0,0,0,0
1907,0.02901277665,0,0,0,0,0,0
1908,0.0259938426,0,0,0,0,0,0
1909,0.14630759715,0,0,0,0,0,0
1910,0.0293036733,0,0,0,0,0,0
1911,0.028127616,0,0,0,0,0,0
1912,0.02901278655,0,0,0,0,0,0
1913,0.0290027661,0,0,0,0,0,0
1914,0.029009541,0,0,0,0,0,0
1915,0.14731493535,0,0,0,0,0,0
1916,0.02900791245,0,0,0,0,0,0
1917,0.024394425,0,0,0,0,0,0
1918,0.02901274695,0,0,0,0,0,0
1919,0.0256226124,0,0,0,0,0,0
1920,0.0282192339,0,0,0,0,0,0
1921,0.02900792235,0,0,0,0,0,0
1922,0.02900742735,0,0,0,0,0,0
1923,0.0267613995,0,0,0,0,0,0
1924,0.0290079207,0,0,0,0,0,0
1925,0.02901327165,0,0,0,0,0,0
1926,0.0268873671,0,0,0,0,0,0
1927,0.14848432665,0,0,0,0,0,0
1928,0.14848486455,0,0,0,0,0,0
1929,0.02901274035,0,0,0,0,0,0
1930,0.14693314845,0,0,0,0,0,0
1931,0.0278691699,0,0,0,0,0,0
1932,0.0266973696,0,0,0,0,0,0
1933,0.02900791905,0,0,0,0,0,0
1934,0.02901116295,0,0,0,0,0,0
1935,0.02901060855,0,0,0,0,0,0
1936,0.02901277335,0,0,0,0,0,0
1937,0.02726559,0,0,0,0,0,0
1938,0.02901330135,0,0,0,0,0,0
1939,0.0265692471,0,0,0,0,0,0
1940,0.0290084982,0,0,0,0,0,0
1941,0.02901328485,0,0,0,0,0,0
1942,0.0290100822,0,0,0,0,0,0
1943,0.0290074224,0,0,0,0,0,0
1944,0.14788717185,0,0,0,0,0,0
1945,0.0290074191,0,0,0,0,0,0
1946,0.02900740095,0,0,0,0,0,0
1947,0.14796727275,0,0,0,0,0,0
1948,0.02900787945,0,0,0,0,0,0
1949,0.02900795535,0,0,0,0,0,0
1950,0.02901278655,0,0,0,0,0,0
1951,0.0290106465,0,0,0,0,0,0
1952,0.0290058417,0,0,0,0,0,0
1953,0.02901328155,0,0,0,0,0,0
1954,0.02901277665,0,0,0,0,0,0
1955,0.02900741415,0,0,0,0,0,0
1956,0.02900741085,0,0,0,0,0,0
1957,0.02901223545,0,0,0,0,0,0
1958,0.0266709102,0,0,0,0,0,0
1959,0.0286115874,0,0,0,0,0,0
1960,0.0289068483,0,0,0,0,0,0
1961,0.14779664295,0,0,0,0,0,0
1962,0.14848544205,0,0,0,0,0,0
1963,0.02900794215,0,0,0,0,0,0
1964,0.0280607085,0,0,0,0,0,0
1965,0.0274580031,0,0,0,0,0,0
1966,0.02901331455,0,0,0,0,0,0
1967,0.027520284,0,0,0,0,0,0
1968,0.0264006039,0,0,0,0,0,0
1969,0.02900844705,0,0,0,0,0,0
1970,0.0269581983,0,0,0,0,0,0
1971,0.02900792235,0,0,0,0,0,0
1972,0.02900739435,0,0,0,0,0,0
1973,0.02901329145,0,0,0,0,0,0
1974,0.02901278655,0,0,0,0,0,0
1975,0.14848489095,0,0,0,0,0,0
1976,0.0280283751,0,0,0,0,0,0
1977,0.0250833396,0,0,0,0,0,0
1978,0.14737627245,0,0,0,0,0,0
1979,0.02900739105,0,0,0,0,0,0
1980,0.0269110347,0,0,0,0,0,0
1981,0.0290095905,0,0,0,0,0,0
1982,0.0287650143,0,0,0,0,0,0
1983,0.0275223762,0,0,0,0,0,0
1984,0.02637278655,0,0,0,0,0,0
1985,0.02901276345,0,0,0,0,0,0
1986,0.14848543215,0,0,0,0,0,0
1987,0.02901326505,0,0,0,0,0,0
1988,0.02901277995,0,0,0,0,0,0
1989,0.0267213408,0,0,0,0,0,0
1990,0.02900740095,0,0,0,0,0,0
1991,0.0271376259,0,0,0,0,0,0
1992,0.02905089,0,0,0,0,0,0
1993,0.029013294749999995,0,0,0,0,0,0
1994,0.02901275685,0,0,0,0,0,0
1995,0.14848540575,0,0,0,0,0,0
1996,0.02585634645,0,0,0,0,0,0
1997,0.02901063,0,0,0,0,0,0
1998,0.14847912915,0,0,0,0,0,0
1999,0.02900847345,0,0,0,0,0,0
2000,0.02900791905,0,0,0,0,0,0
2001,0.14847950205,0,0,0,0,0,0
2002,0.0290095542,0,0,0,0,0,0
2003,0.0269868621,0,0,0,0,0,0
2004,0.02900740755,0,0,0,0,0,0
2005,0.14848486785,0,0,0,0,0,0
2006,0.0253539561,0,0,0,0,0,0
2007,0.14715098805,0,0,0,0,0,0
2008,0.0284645922,0,0,0,0,0,0
2009,0.0290101317,0,0,0,0,0,0
2010,0.0276852774,0,0,0,0,0,0
2011,0.14848486785,0,0,0,0,0,0
2012,0.0247889565,0,0,0,0,0,0
2013,0.0267340227,0,0,0,0,0,0
2014,0.02901279315,0,0,0,0,0,0
2015,0.02900847345,0,0,0,0,0,0
2016,0.025875498,0,0,0,0,0,0
2017,0.02901329805,0,0,0,0,0,0
2018,0.02900688945,0,0,0,0,0,0
2019,0.02900742405,0,0,0,0,0,0
2020,0.0264816519,0,0,0,0,0,0
2021,0.0268668114,0,0,0,0,0,0
2022,0.02900740095,0,0,0,0,0,0
2023,0.02735469,0,0,0,0,0,0
2024,0.14603277975,0,0,0,0,0,0
2025,0.02900686305,0,0,0,0,0,0
2026,0.0273343818,0,0,0,0,0,0
2027,0.026998521,0,0,0,0,0,0
2028,0.0271532679,0,0,0,0,0,0
2029,0.0289784979,0,0,0,0,0,0
2030,0.0269980458,0,0,0,0,0,0
2031,0.027443625,0,0,0,0,0,0
2032,0.02901278655,0,0,0,0,0,0
2033,0.029057094,0,0,0,0,0,0
2034,0.0290095443,0,0,0,0,0,0
2035,0.02901273045,0,0,0,0,0,0
2036,0.02900739435,0,0,0,0,0,0
2037,0.0268189152,0,0,0,0,0,0
2038,0.02901328485,0,0,0,0,0,0
2039,0.0289518537,0,0,0,0,0,0
2040,0.028257009,0,0,0,0,0,0
2041,0.02901278325,0,0,0,0,0,0
2042,0.0262386729,0,0,0,0,0,0
2043,0.14619651255,0,0,0,0,0,0
2044,0.02900735475,0,0,0,0,0,0
2045,0.02901277665,0,0,0,0,0,0
2046,0.02901328815,0,0,0,0,0,0
2047,0.02901328155,0,0,0,0,0,0
2048,0.02901327165,0,0,0,0,0,0
2049,0.0280375953,0,0,0,0,0,0
2050,0.0262579845,0,0,0,0,0,0
2051,0.14623842585,0,0,0,0,0,0
2052,0.0255088449,0,0,0,0,0,0
2053,0.02900739765,0,0,0,0,0,0
2054,0.0289953312,0,0,0,0,0,0
2055,0.02900739435,0,0,0,0,0,0
2056,0.0269167371,0,0,0,0,0,0
2057,0.02901224535,0,0,0,0,0,0
2058,0.14848487115,0,0,0,0,0,0
2059,0.02900742735,0,0,0,0,0,0
2060,0.02900851635,0,0,0,0,0,0
2061,0.02900742075,0,0,0,0,0,0
2062,0.02900795865,0,0,0,0,0,0
2063,0.02901274695,0,0,0,0,0,0
2064,0.0283863789,0,0,0,0,0,0
2065,0.0290101218,0,0,0,0,0,0
2066,0.02596508475,0,0,0,0,0,0
2067,0.02901278325,0,0,0,0,0,0
2068,0.0286471944,0,0,0,0,0,0
2069,0.0259697559,0,0,0,0,0,0
2070,0.0273143772,0,0,0,0,0,0
2071,0.027078648299999994,0,0,0,0,0,0
2072,0.02901276345,0,0,0,0,0,0
2073,0.0269210634,0,0,0,0,0,0
2074,0.029013294749999995,0,0,0,0,0,0
2075,0.02901331785,0,0,0,0,0,0
2076,0.0265377024,0,0,0,0,0,0
2077,0.0261268986,0,0,0,0,0,0
2078,0.02901328815,0,0,0,0,0,0
2079,0.0289377759,0,0,0,0,0,0
2080,0.0290163819,0,0,0,0,0,0
2081,0.029009607,0,0,0,0,0,0
2082,0.0268235121,0,0,0,0,0,0
2083,0.02901007065,0,0,0,0,0,0
2084,0.0290041752,0,0,0,0,0,0
2085,0.02901330795,0,0,0,0,0,0
2086,0.14643247245,0,0,0,0,0,0
2087,0.02901275355,0,0,0,0,0,0
2088,0.02901275685,0,0,0,0,0,0
2089,0.15102045915,0,0,0,0,0,0
2090,0.02900794545,0,0,0,0,0,0
2091,0.02901332115,0,0,0,0,0,0
2092,0.02900793555,0,0,0,0,0,0
2093,0.02900737125,0,0,0,0,0,0
2094,0.14656029795,0,0,0,0,0,0
2095,0.02900792565,0,0,0,0,0,0
2096,0.02900740425,0,0,0,0,0,0
2097,0.15010053465,0,0,0,0,0,0
2098,0.02900847015,0,0,0,0,0,0
2099,0.0266317392,0,0,0,0,0,0
2100,0.027233335799999994,0,0,0,0,0,0
2101,0.0259609317,0,0,0,0,0,0
2102,0.02901329805,0,0,0,0,0,0
2103,0.02901326505,0,0,0,0,0,0
2104,0.0277201188,0,0,0,0,0,0
2105,0.0265465431,0,0,0,0,0,0
2106,0.02900850645,0,0,0,0,0,0
2107,0.0263392008,0,0,0,0,0,0
2108,0.02900898,0,0,0,0,0,0
2109,0.027340863,0,0,0,0,0,0
2110,0.14810862825,0,0,0,0,0,0
2111,0.02901274365,0,0,0,0,0,0
2112,0.0290111481,0,0,0,0,0,0
2113,0.0269508459,0,0,0,0,0,0
2114,0.02900846685,0,0,0,0,0,0
2115,0.02900737455,0,0,0,0,0,0
2116,0.0281724498,0,0,0,0,0,0
2117,0.14649075705,0,0,0,0,0,0
2118,0.02901276345,0,0,0,0,0,0
2119,0.14848489425,0,0,0,0,0,0
2120,0.0265204863,0,0,0,0,0,0
2121,0.029012789849999995,0,0,0,0,0,0
2122,0.02901330465,0,0,0,0,0,0
2123,0.0264923802,0,0,0,0,0,0
2124,0.02901280305,0,0,0,0,0,0
2125,0.02900683995,0,0,0,0,0,0
2126,0.14840812635,0,0,0,0,0,0
2127,0.02900791905,0,0,0,0,0,0
2128,0.0265884927,0,0,0,0,0,0
2129,0.02900793225,0,0,0,0,0,0
2130,0.15051969405,0,0,0,0,0,0
2131,0.02900687955,0,0,0,0,0,0
2132,0.14852736195,0,0,0,0,0,0
2133,0.02901277995,0,0,0,0,0,0
2134,0.14989394145,0,0,0,0,0,0
2135,0.0279807132,0,0,0,0,0,0
2136,0.02900848335,0,0,0,0,0,0
2137,0.02900739435,0,0,0,0,0,0
2138,0.02599023075,0,0,0,0,0,0
2139,0.1475565696,0,0,0,0,0,0
2140,0.02901331125,0,0,0,0,0,0
2141,0.0290069076,0,0,0,0,0,0
2142,0.02901274035,0,0,0,0,0,0
2143,0.0282491088,0,0,0,0,0,0
2144,0.0250887351,0,0,0,0,0,0
2145,0.14617423425,0,0,0,0,0,0
2146,0.0279947382,0,0,0,0,0,0
2147,0.02901277005,0,0,0,0,0,0
2148,0.02900791245,0,0,0,0,0,0
2149,0.02901277995,0,0,0,0,0,0
2150,0.0255218601,0,0,0,0,0,0
2151,0.02900736795,0,0,0,0,0,0
2152,0.02901327495,0,0,0,0,0,0
2153,0.02900740095,0,0,0,0,0,0
2154,0.14678453295,0,0,0,0,0,0
2155,0.0280905504,0,0,0,0,0,0
2156,0.0271149054,0,0,0,0,0,0
2157,0.0275841621,0,0,0,0,0,0
2158,0.02900847675,0,0,0,0,0,0
2159,0.14848006965,0,0,0,0,0,0
2160,0.02901277335,0,0,0,0,0,0
2161,0.02901277335,0,0,0,0,0,0
2162,0.02900742405,0,0,0,0,0,0
2163,0.0275096349,0,0,0,0,0,0
2164,0.0290090031,0,0,0,0,0,0
2165,0.02901277335,0,0,0,0,0,0
2166,0.14673580515,0,0,0,0,0,0
2167,0.0260810913,0,0,0,0,0,0
2168,0.0290101119,0,0,0,0,0,0
2169,0.02901326505,0,0,0,0,0,0
2170,0.14766675825,0,0,0,0,0,0
2171,0.02901328485,0,0,0,0,0,0
2172,0.02901327825,0,0,0,0,0,0
2173,0.0289888269,0,0,0,0,0,0
2174,0.02900739765,0,0,0,0,0,0
2175,0.02901218265,0,0,0,0,0,0
2176,0.0282959094,0,0,0,0,0,0
2177,0.02901326835,0,0,0,0,0,0
2178,0.02901328155,0,0,0,0,0,0
2179,0.02901330465,0,0,0,0,0,0
2180,0.0290096037,0,0,0,0,0,0
2181,0.029012789849999995,0,0,0,0,0,0
2182,0.02901277995,0,0,0,0,0,0
2183,0.0266304951,0,0,0,0,0,0
2184,0.02596829895,0,0,0,0,0,0
2185,0.0278384964,0,0,0,0,0,0
2186,0.02900739435,0,0,0,0,0,0
2187,0.02901276015,0,0,0,0,0,0
2188,0.028942584,0,0,0,0,0,0
2189,0.02900793555,0,0,0,0,0,0
2190,0.02901277665,0,0,0,0,0,0
2191,0.02900791575,0,0,0,0,0,0
2192,0.0241500732,0,0,0,0,0,0
2193,0.026572953,0,0,0,0,0,0
2194,0.0290100789,0,0,0,0,0,0
2195,0.0285235863,0,0,0,0,0,0
2196,0.0264838431,0,0,0,0,0,0
2197,0.02900793555,0,0,0,0,0,0
2198,0.14785971255,0,0,0,0,0,0
2199,0.02900682675,0,0,0,0,0,0
2200,0.0267769788,0,0,0,0,0,0
2201,0.0290095872,0,0,0,0,0,0
2202,0.028081317,0,0,0,0,0,0
2203,0.02901331455,0,0,0,0,0,0
2204,0.0269186841,0,0,0,0,0,0
2205,0.02901331125,0,0,0,0,0,0
2206,0.0263804277,0,0,0,0,0,0
2207,0.02900794545,0,0,0,0,0,0
2208,0.0290081154,0,0,0,0,0,0
2209,0.0268150245,0,0,0,0,0,0
2210,0.0275231649,0,0,0,0,0,0
2211,0.0281357076,0,0,0,0,0,0
2212,0.0269669466,0,0,0,0,0,0
2213,0.0267399924,0,0,0,0,0,0
2214,0.14858051505,0,0,0,0,0,0
2215,0.02901272715,0,0,0,0,0,0
2216,0.14616881235,0,0,0,0,0,0
2217,0.02901327825,0,0,0,0,0,0
2218,0.02901276345,0,0,0,0,0,0
2219,0.02900791245,0,0,0,0,0,0
2220,0.0270933795,0,0,0,0,0,0
2221,0.02900794875,0,0,0,0,0,0
2222,0.14796460635,0,0,0,0,0,0
2223,0.0290100822,0,0,0,0,0,0
2224,0.02901331455,0,0,0,0,0,0
2225,0.028823223,0,0,0,0,0,0
2226,0.0287063403,0,0,0,0,0,0
2227,0.0245648271,0,0,0,0,0,0
2228,0.0249785844,0,0,0,0,0,0
2229,0.0284586984,0,0,0,0,0,0
2230,0.02901328815,0,0,0,0,0,0
2231,0.027001953,0,0,0,0,0,0
2232,0.14848540575,0,0,0,0,0,0
2233,0.0254728254,0,0,0,0,0,0
2234,0.02900788275,0,0,0,0,0,0
2235,0.0280742022,0,0,0,0,0,0
2236,0.02900848665,0,0,0,0,0,0
2237,0.02901221565,0,0,0,0,0,0
2238,0.0281176203,0,0,0,0,0,0
2239,0.14848544535,0,0,0,0,0,0
2240,0.02901276015,0,0,0,0,0,0
2241,0.0289574472,0,0,0,0,0,0
2242,0.14848486125,0,0,0,0,0,0
2243,0.02901328815,0,0,0,0,0,0
2244,0.0290042148,0,0,0,0,0,0
2245,0.02955904545,0,0,0,0,0,0
2246,0.0290101284,0,0,0,0,0,0
2247,0.0275280126,0,0,0,0,0,0
2248,0.02901330795,0,0,0,0,0,0
2249,0.14743914075,0,0,0,0,0,0
2250,0.02900739105,0,0,0,0,0,0
2251,0.02723074365,0,0,0,0,0,0
2252,0.02901330795,0,0,0,0,0,0
2253,0.02596985655,0,0,0,0,0,0
2254,0.0265649505,0,0,0,0,0,0
2255,0.14756182155,0,0,0,0,0,0
2256,0.14741744325,0,0,0,0,0,0
2257,0.02900683995,0,0,0,0,0,0
2258,0.02900740755,0,0,0,0,0,0
2259,0.02901326505,0,0,0,0,0,0
2260,0.02900793885,0,0,0,0,0,0
2261,0.14847895425,0,0,0,0,0,0
2262,0.02900848335,0,0,0,0,0,0
2263,0.02900793885,0,0,0,0,0,0
2264,0.0289850517,0,0,0,0,0,0
2265,0.02901326835,0,0,0,0,0,0
2266,0.14790548025,0,0,0,0,0,0
2267,0.02900737785,0,0,0,0,0,0
2268,0.14756243535,0,0,0,0,0,0
2269,0.02900740095,0,0,0,0,0,0
2270,0.029007381149999994,0,0,0,0,0,0
2271,0.02901326835,0,0,0,0,0,0
2272,0.02900848005,0,0,0,0,0,0
2273,0.02901277995,0,0,0,0,0,0
2274,0.02901328155,0,0,0,0,0,0
2275,0.0271786251,0,0,0,0,0,0
2276,0.0283678098,0,0,0,0,0,0
2277,0.0255322155,0,0,0,0,0,0
2278,0.0290095707,0,0,0,0,0,0
2279,0.02566146,0,0,0,0,0,0
2280,0.0290097291,0,0,0,0,0,0
2281,0.14619286275,0,0,0,0,0,0
2282,0.02900736795,0,0,0,0,0,0
2283,0.02900739765,0,0,0,0,0,0
2284,0.02901328485,0,0,0,0,0,0
2285,0.0274710546,0,0,0,0,0,0
2286,0.02900735475,0,0,0,0,0,0
2287,0.02900784975,0,0,0,0,0,0
2288,0.02901330465,0,0,0,0,0,0
2289,0.14651116095,0,0,0,0,0,0
2290,0.02900844375,0,0,0,0,0,0
2291,0.02901329145,0,0,0,0,0,0
2292,0.02901326835,0,0,0,0,0,0
2293,0.02900737125,0,0,0,0,0,0
2294,0.0290084949,0,0,0,0,0,0
2295,0.02900684325,0,0,0,0,0,0
2296,0.02901331785,0,0,0,0,0,0
2297,0.14779647465,0,0,0,0,0,0
2298,0.14775757425,0,0,0,0,0,0
2299,0.0280834752,0,0,0,0,0,0
2300,0.02994472965,0,0,0,0,0,0
2301,0.02901276345,0,0,0,0,0,0
2302,0.02900739435,0,0,0,0,0,0
2303,0.02900792235,0,0,0,0,0,0
2304,0.02901332445,0,0,0,0,0,0
2305,0.02901277005,0,0,0,0,0,0
2306,0.0271349463,0,0,0,0,0,0
2307,0.02901331455,0,0,0,0,0,0
2308,0.02901328485,0,0,0,0,0,0
2309,0.02901332115,0,0,0,0,0,0
2310,0.02901332775,0,0,0,0,0,0
2311,0.0264899283,0,0,0,0,0,0
2312,0.02901274365,0,0,0,0,0,0
2313,0.02901279315,0,0,0,0,0,0
2314,0.02901275025,0,0,0,0,0,0
2315,0.02900791245,0,0,0,0,0,0
2316,0.0290101317,0,0,0,0,0,0
2317,0.02901331785,0,0,0,0,0,0
2318,0.02901274365,0,0,0,0,0,0
2319,0.02901332775,0,0,0,0,0,0
2320,0.0251294538,0,0,0,0,0,0
2321,0.0263772861,0,0,0,0,0,0
2322,0.02901216285,0,0,0,0,0,0
2323,0.027007992,0,0,0,0,0,0
2324,0.02900634,0,0,0,0,0,0
2325,0.0250457922,0,0,0,0,0,0
2326,0.14685751575,0,0,0,0,0,0
2327,0.0284342388,0,0,0,0,0,0
2328,0.02901327825,0,0,0,0,0,0
2329,0.0251098947,0,0,0,0,0,0
2330,0.14622007785,0,0,0,0,0,0
2331,0.0263998053,0,0,0,0,0,0
2332,0.02901274695,0,0,0,0,0,0
2333,0.02901332115,0,0,0,0,0,0
2334,0.02901276015,0,0,0,0,0,0
2335,0.0276751233,0,0,0,0,0,0
2336,0.0279963057,0,0,0,0,0,0
2337,0.0289779633,0,0,0,0,0,0
2338,0.0275071005,0,0,0,0,0,0
2339,0.0278349456,0,0,0,0,0,0
2340,0.0290079768,0,0,0,0,0,0
2341,0.0261487446,0,0,0,0,0,0
2342,0.0266085765,0,0,0,0,0,0
2343,0.0265930731,0,0,0,0,0,0
2344,0.0275187495,0,0,0,0,0,0
2345,0.026740708499999995,0,0,0,0,0,0
2346,0.0279035823,0,0,0,0,0,0
2347,0.0268105728,0,0,0,0,0,0
2348,0.02900847345,0,0,0,0,0,0
2349,0.02900686965,0,0,0,0,0,0
2350,0.0275462418,0,0,0,0,0,0
2351,0.0274800966,0,0,0,0,0,0
2352,0.02900794215,0,0,0,0,0,0
2353,0.02900792235,0,0,0,0,0,0
2354,0.026772174,0,0,0,0,0,0
2355,0.0271973724,0,0,0,0,0,0
2356,0.02901332445,0,0,0,0,0,0
2357,0.02901273705,0,0,0,0,0,0
2358,0.0279496107,0,0,0,0,0,0
2359,0.02900740425,0,0,0,0,0,0
2360,0.029009508,0,0,0,0,0,0
2361,0.02901327495,0,0,0,0,0,0
2362,0.02900848005,0,0,0,0,0,0
2363,0.14848544865,0,0,0,0,0,0
2364,0.02900740425,0,0,0,0,0,0
2365,0.02900685645,0,0,0,0,0,0
2366,0.02900740755,0,0,0,0,0,0
2367,0.0286948563,0,0,0,0,0,0
2368,0.02900686305,0,0,0,0,0,0
2369,0.0290132865,0,0,0,0,0,0
2370,0.0267475758,0,0,0,0,0,0
2371,0.02901277005,0,0,0,0,0,0
2372,0.02901328485,0,0,0,0,0,0
2373,0.0264572748,0,0,0,0,0,0
2374,0.02900738445,0,0,0,0,0,0
2375,0.0283899,0,0,0,0,0,0
2376,0.02900737455,0,0,0,0,0,0
2377,0.02900843715,0,0,0,0,0,0
2378,0.029013294749999995,0,0,0,0,0,0
2379,0.0290079768,0,0,0,0,0,0
2380,0.027446925,0,0,0,0,0,0
2381,0.0271654152,0,0,0,0,0,0
2382,0.02900791245,0,0,0,0,0,0
2383,0.14840399805,0,0,0,0,0,0
2384,0.14716605915,0,0,0,0,0,0
2385,0.02900792235,0,0,0,0,0,0
2386,0.0253305096,0,0,0,0,0,0
2387,0.029012789849999995,0,0,0,0,0,0
2388,0.02901117945,0,0,0,0,0,0
2389,0.0256143525,0,0,0,0,0,0
2390,0.14629148985,0,0,0,0,0,0
2391,0.02901219915,0,0,0,0,0,0
2392,0.0270856575,0,0,0,0,0,0
2393,0.0276310419,0,0,0,0,0,0
2394,0.0263720358,0,0,0,0,0,0
2395,0.14848487775,0,0,0,0,0,0
2396,0.0290095509,0,0,0,0,0,0
2397,0.14632712655,0,0,0,0,0,0
2398,0.0267716757,0,0,0,0,0,0
2399,0.95901066525,0,0,0,0,0,0
2400,0.95901066525,0,0,0,0,0,0
2401,0.95901066525,0,0,0,0,0,0
2402,0.95901066525,0,0,0,0,0,0
2403,0.95901066525,0,0,0,0,0,0
2404,0.94734266055,0,0,0,0,0,0
2405,0.94734266055,0,0,0,0,0,0
2406,0.94734266055,0,0,0,0,0,0
2407,0.94734266055,0,0,0,0,0,0
2408,0.94734266055,0,0,0,0,0,0
2409,0.99353383635,0,0,0,0,0,0
2410,0.99353383635,0,0,0,0,0,0
2411,0.99353383635,0,0,0,0,0,0
2412,0.99353383635,0,0,0,0,0,0
2413,0.99353383635,0,0,0,0,0,0
2414,0.9578814382499998,0,0,0,0,0,0
2415,0.9578814382499998,0,0,0,0,0,0
2416,0.9578814382499998,0,0,0,0,0,0
2417,0.9578814382499998,0,0,0,0,0,0
2418,0.9578814382499998,0,0,0,0,0,0
2419,0.88405230045,0,0,0,0,0,0
2420,0.88405230045,0,0,0,0,0,0
2421,0.88405230045,0,0,0,0,0,0
2422,0.88405230045,0,0,0,0,0,0
2423,0.88405230045,0,0,0,0,0,0
2424,0.9378624519,0,0,0,0,0,0
2425,0.9378624519,0,0,0,0,0,0
2426,0.9378624519,0,0,0,0,0,0
2427,0.9378624519,0,0,0,0,0,0
2428,0.9378624519,0,0,0,0,0,0
2429,0.9378624519,0,0,0,0,0,0
2430,0.9760248333,0,0,0,0,0,0
2431,0.9760248333,0,0,0,0,0,0
2432,0.9760248333,0,0,0,0,0,0
2433,0.9760248333,0,0,0,0,0,0
2434,0.9760248333,0,0,0,0,0,0
2435,0.9760248333,0,0,0,0,0,0
